120,383,58,72,68,79,24,463,59,127,453,850,84,17,408,1253,11,43,61,953,87,881,19,378,173,138,833,47,272,318,15,423,239,685,633,850,66,376,36,253,53,1833,87,799,906,892,80,223,458,897,339,40,954,387,78,852,23,1729,100,96,21,223,488,658,64,505,933,376,520,538,27,404,863,62,314,1849,64,146,267,334,1356,602,395,30,80,1272,237,862,95,297,789,608,70,569,1071,66,1920,578,231,13,475,27,378,34,82,869,865,74,414,361,906,797,96,28,253,867,160,840,536,552,224,678,330,707,11,1330,1073,262,25,86,1597,704,37,308,57,585,858,40,903,46,79,70,62,933,668,11,558,97,879,66,714,95,357,77,1808,1408,565,359,27,639,636,707,946,144,66,542,36,49,651,635,12,32,197,738,599,1646,33,166,525,508,218,92,1234,773,1529,307,878,625,1222,61,240,848,399,36,333,487,801,39,329,585,88,767,27,1902,1674,1886,226,673,852,676,892,952,580,825,575,229,527,87,34,425,758,1619,17,64,473,422,319,1035,858,513,36,889,657,601,1642,1629,741,21,408,29,99,88,822,74,600,923,171,1143,884,76,617,373,87,51,70,24,629,14,214,861,1328,84,755,431,16,953,151,259,122,653,63,730,119,806,1790,487,327,409,304,546,71,644,36,473,199,572,534,1402,471,544,412,1664,870,138,39,500,409,70,678,426,555,1321,113,732,75,633,1869,32,46,685,80,585,262,766,22,154,315,71,492,175,74,790,171,1094,13,855,754,487,563,35,73,155,1458,38,833,641,639,290,625,200,132,724,50,162,84,184,131,287,1633,48,429,426,383,909,431,526,82,818,737,125,1153,303,69,503,93,51,665,79,893,286,763,30,1843,1353,13,900,247,67,1352,634,114,687,76,888,1520,530,120,82,361,97,469,575,1753,865,39,676,154,75,599,314
0.6,0.4,0.6,0.6,0.6,0.6,0.6,0.4,0.6,0.6,0.4,0.3,0.6,0.6,0.4,0.2,0.6,0.6,0.6,0.3,0.6,0.3,0.6,0.4,0.6,0.6,0.3,0.6,0.4,0.4,0.6,0.4,0.4,0.3,0.3,0.3,0.6,0.4,0.6,0.4,0.6,0.2,0.6,0.3,0.3,0.3,0.6,0.4,0.4,0.3,0.4,0.6,0.3,0.4,0.6,0.3,0.6,0.2,0.6,0.6,0.6,0.4,0.4,0.3,0.6,0.3,0.3,0.4,0.3,0.3,0.6,0.4,0.3,0.6,0.4,0.2,0.6,0.6,0.4,0.4,0.2,0.3,0.4,0.6,0.6,0.2,0.4,0.3,0.6,0.4,0.3,0.3,0.6,0.3,0.2,0.6,0.2,0.3,0.4,0.6,0.4,0.6,0.4,0.6,0.6,0.3,0.3,0.6,0.4,0.4,0.3,0.3,0.6,0.6,0.4,0.3,0.6,0.3,0.3,0.3,0.4,0.3,0.4,0.3,0.6,0.2,0.2,0.4,0.6,0.6,0.2,0.3,0.6,0.4,0.6,0.3,0.3,0.6,0.3,0.6,0.6,0.6,0.6,0.3,0.3,0.6,0.3,0.6,0.3,0.6,0.3,0.6,0.4,0.6,0.2,0.2,0.3,0.4,0.6,0.3,0.3,0.3,0.3,0.6,0.6,0.3,0.6,0.6,0.3,0.3,0.6,0.6,0.6,0.3,0.3,0.2,0.6,0.6,0.3,0.3,0.4,0.6,0.2,0.3,0.2,0.4,0.3,0.3,0.2,0.6,0.4,0.3,0.4,0.6,0.4,0.4,0.3,0.6,0.4,0.3,0.6,0.3,0.6,0.2,0.2,0.2,0.4,0.3,0.3,0.3,0.3,0.3,0.3,0.3,0.3,0.4,0.3,0.6,0.6,0.4,0.3,0.2,0.6,0.6,0.4,0.4,0.4,0.2,0.3,0.3,0.6,0.3,0.3,0.3,0.2,0.2,0.3,0.6,0.4,0.6,0.6,0.6,0.3,0.6,0.3,0.3,0.6,0.2,0.3,0.6,0.3,0.4,0.6,0.6,0.6,0.6,0.3,0.6,0.4,0.3,0.2,0.6,0.3,0.4,0.6,0.3,0.6,0.4,0.6,0.3,0.6,0.3,0.6,0.3,0.2,0.4,0.4,0.4,0.4,0.3,0.6,0.3,0.6,0.4,0.6,0.3,0.3,0.2,0.4,0.3,0.4,0.2,0.3,0.6,0.6,0.3,0.4,0.6,0.3,0.4,0.3,0.2,0.6,0.3,0.6,0.3,0.2,0.6,0.6,0.3,0.6,0.3,0.4,0.3,0.6,0.6,0.4,0.6,0.4,0.6,0.6,0.3,0.6,0.2,0.6,0.3,0.3,0.4,0.3,0.6,0.6,0.6,0.2,0.6,0.3,0.3,0.3,0.4,0.3,0.4,0.6,0.3,0.6,0.6,0.6,0.6,0.6,0.4,0.2,0.6,0.4,0.4,0.4,0.3,0.4,0.3,0.6,0.3,0.3,0.6,0.2,0.4,0.6,0.3,0.6,0.6,0.3,0.6,0.3,0.4,0.3,0.6,0.2,0.2,0.6,0.3,0.4,0.6,0.2,0.3,0.6,0.3,0.6,0.3,0.2,0.3,0.6,0.6,0.4,0.6,0.4,0.3,0.2,0.3,0.6,0.3,0.6,0.6,0.3,0.4
0.8,0.6,0.8,0.8,0.8,0.8,0.8,0.6,0.8,0.8,0.6,0.5,0.8,0.8,0.6,0.4,0.8,0.8,0.8,0.5,0.8,0.5,0.8,0.6,0.8,0.8,0.5,0.8,0.6,0.6,0.8,0.6,0.6,0.5,0.5,0.5,0.8,0.6,0.8,0.6,0.8,0.4,0.8,0.5,0.5,0.5,0.8,0.6,0.6,0.5,0.6,0.8,0.5,0.6,0.8,0.5,0.8,0.4,0.8,0.8,0.8,0.6,0.6,0.5,0.8,0.5,0.5,0.6,0.5,0.5,0.8,0.6,0.5,0.8,0.6,0.4,0.8,0.8,0.6,0.6,0.4,0.5,0.6,0.8,0.8,0.4,0.6,0.5,0.8,0.6,0.5,0.5,0.8,0.5,0.4,0.8,0.4,0.5,0.6,0.8,0.6,0.8,0.6,0.8,0.8,0.5,0.5,0.8,0.6,0.6,0.5,0.5,0.8,0.8,0.6,0.5,0.8,0.5,0.5,0.5,0.6,0.5,0.6,0.5,0.8,0.4,0.4,0.6,0.8,0.8,0.4,0.5,0.8,0.6,0.8,0.5,0.5,0.8,0.5,0.8,0.8,0.8,0.8,0.5,0.5,0.8,0.5,0.8,0.5,0.8,0.5,0.8,0.6,0.8,0.4,0.4,0.5,0.6,0.8,0.5,0.5,0.5,0.5,0.8,0.8,0.5,0.8,0.8,0.5,0.5,0.8,0.8,0.8,0.5,0.5,0.4,0.8,0.8,0.5,0.5,0.6,0.8,0.4,0.5,0.4,0.6,0.5,0.5,0.4,0.8,0.6,0.5,0.6,0.8,0.6,0.6,0.5,0.8,0.6,0.5,0.8,0.5,0.8,0.4,0.4,0.4,0.6,0.5,0.5,0.5,0.5,0.5,0.5,0.5,0.5,0.6,0.5,0.8,0.8,0.6,0.5,0.4,0.8,0.8,0.6,0.6,0.6,0.4,0.5,0.5,0.8,0.5,0.5,0.5,0.4,0.4,0.5,0.8,0.6,0.8,0.8,0.8,0.5,0.8,0.5,0.5,0.8,0.4,0.5,0.8,0.5,0.6,0.8,0.8,0.8,0.8,0.5,0.8,0.6,0.5,0.4,0.8,0.5,0.6,0.8,0.5,0.8,0.6,0.8,0.5,0.8,0.5,0.8,0.5,0.4,0.6,0.6,0.6,0.6,0.5,0.8,0.5,0.8,0.6,0.8,0.5,0.5,0.4,0.6,0.5,0.6,0.4,0.5,0.8,0.8,0.5,0.6,0.8,0.5,0.6,0.5,0.4,0.8,0.5,0.8,0.5,0.4,0.8,0.8,0.5,0.8,0.5,0.6,0.5,0.8,0.8,0.6,0.8,0.6,0.8,0.8,0.5,0.8,0.4,0.8,0.5,0.5,0.6,0.5,0.8,0.8,0.8,0.4,0.8,0.5,0.5,0.5,0.6,0.5,0.6,0.8,0.5,0.8,0.8,0.8,0.8,0.8,0.6,0.4,0.8,0.6,0.6,0.6,0.5,0.6,0.5,0.8,0.5,0.5,0.8,0.4,0.6,0.8,0.5,0.8,0.8,0.5,0.8,0.5,0.6,0.5,0.8,0.4,0.4,0.8,0.5,0.6,0.8,0.4,0.5,0.8,0.5,0.8,0.5,0.4,0.5,0.8,0.8,0.6,0.8,0.6,0.5,0.4,0.5,0.8,0.5,0.8,0.8,0.5,0.6
17569.43,16441.35,15793.09,15040.83,14802.38,14884.02,19863.6,16771.07,16773.73,16517.8,14230.93,16057.37,18170.61,14224.7,13911.99,16115.85,15743.72,20590.83,14187.93,20623.44,14241.36,19626.75,19500.65,20398.96,15684.89,20920.58,17509.43,20362.9,19195.94,13707.94,15172.22,21624.52,21287.48,19533.78,14026.72,20793.32,17780.51,16870.3,21273.32,20259.44,16330,15705.33,21587.65,13955.62,21068.56,20872.07,21178.65,16531.01,18271.84,16718.6
47
39
26,15,19,7,21
41,20,18,45,50,27,14
25,2,34,9,46,42
30,4,35,28
31,49,16,10,13,1,38,29
43,6,11,24,40
22,36,17,8,5,32,37
48,44,23,3
34.2,52.41,57.16,53.16,32.67,50.42,84.29,62.61,120.89,22.82,24.62,24.83,57.86,32,87.02,90.91,75.31,65.36,100.53,74.95,62.46,105.94,33.64,38.7,83.89,52.71,82.44,26.89,85.19,70.31,72.59,27.38,81.11,80.02,104.31,52.99,67.61,54.37,81.16,67.03,69.59,77.55,32.42,43.31,66.89,19.8,80.76,89.77,34.46,50.16,79.4,49.44,35.4,49.19,90.99,57.19,34.74,38.55,72.5,84.76,88.36,109.44,30.51,93.86,89.81,44.08,68.23,123.56,55.82,64.47,86.23,47.24,97.44,70.58,23.9,38.57,66.9,71.03,77.09,31.13,21.56,45.43,67.61,45.79,46.3,51.7,75.69,92.84,35.12,36.31,39.68,86.2,25.37,78.19,31.51,69.57,36.96,43.1,44.69,18.88,99.52,94.29,96.69,22.52,23.46,87.8,58.92,60.15,104,74.53,84.82,52.82,96.44,22.66,46.44,85.29,64.03,35.61,36.68,83.48,57.47,32.82,84.27,42.5,42.86,46.93,53.13,32.32,86.32,102.75,57.92,99.91,26.91,100.81,27.54,48.26,66.91,88.43,109.45,90.72,70.66,97.7,64.14,73.79,48.05,76.16,34.98,33,70.29,43.62,74.74,64.07,97.04,79.57,95.66,51.6,115.42,60.5,47.47,54.64,53.03,56.55,61.22,93.61,79,25.49,57.06,98.97,84.24,61.58,35.75,84.45,20.69,37.94,32.16,95.95,59.86,81.73,57.47,88.5,84.41,98.01,104.09,98.11,107.37,50.21,47.93,39.81,32.92,44.07,113.17,46.43,103.2,25.63,96.93,49.33,111.36,67.34,18.46,90.42,50.3,54.22,48.06,48.68,69.59,90.38,87.44,23.8,62.57,97.31,54.47,44.63,73.4,49.39,55.9,96.75,80.71,65.03,34.02,93.52,63.31,95.34,39.54,106.94,49.93,70.04,63.92,55.38,61.61,78.52,28.86,70,59.37,79.24,34.15,50.53,78.51,89.67,79.66,35.53,92.15,54.43,64.16,90.96,27.63,52.31,28.8,77.09,65.56,21.37,54.76,61.59,82.54,78.86,39.14,70.84,46.2,71.92,90.4,49.55,45.3,78.49,72.93,84.21,61.17,28.23,85.45,30.81,38.44,30.06,64.19,25.56,65.37,90.99,75.58,109.18,78.71,56.77,56.17,77.36,84.58,32.25,20.54,39.74,68.1,48.11,84.3,19.55,82.8,71.62,103.38,68.36,89.79,105.01,71.68,23.03,61.72,42.14,28.75,36.56,30.13,57.94,56.43,113.08,27.64,79.47,75.24,25.51,91.62,97.19,23.74,54.46,110.46,61.03,25.66,55.57,33.01,86.18,85.17,80.17,49.36,24.69,38.54,28.24,71.55,60.3,113.97,46.38,96.33,94.81,70.53,28.9,44.32,95.33,67.38,53.27,54.54,43.78,99.35,57.79,79.2,72.51,79.95,102.37,84.18,63.43,69.48,88.78,38.43,99.7,49.27,81.02,41.84,80.27,99.9,62.42,57.49,60.16,82.57,61.12,85.18,106.7,64.49,46.06,92.57,89.35,113.49,66.29,62.6,76.5,46.82,76.01,67.85,96.23,24.72,28.71,64.43,65.26,35.94,22.74,83.65,28.24,52.17,105.1,35.87,67.04,104.72,21.78,44.1,50.84,40.9,90.19,111.07,104.42,52.89,36.3,36.35,107.2,61.67,105.41
31.11,51.9,40.9,51.65,35.63,42.13,73.58,65.51,112.17,26.34,29.67,27.1,47.66,43.72,76.8,79.37,68.64,71.44,78.92,75.46,49.92,80.93,40.64,38.43,61.74,54.15,93.46,27.51,82.97,86.89,89.12,28.78,66.94,89,109.99,36.73,64.26,68.9,96.24,90.98,84.11,94.48,33.1,37.53,51.47,27.78,101.78,68.79,29.97,61.97,87.79,49.32,39.99,41.69,69.3,73.25,36.67,47.55,106.19,98.66,103.9,82.41,29.13,112.66,78.43,43.13,73.51,128.01,68.42,76.44,90.92,46.11,107.89,78.42,29.41,38.56,53.35,75.71,71.48,41.54,17.85,41.31,63.56,38.64,57.6,65.66,94.56,91.38,32.52,45.64,35.13,89.08,25.09,71.63,33.52,91.73,32.55,35.81,38.67,22.64,87.88,91.26,83.46,25.73,28.6,82.58,83.77,67.28,76.41,99.42,92.23,37,75.25,29.2,43.46,101.59,63.28,28.16,37.54,95.56,46.01,46.52,76.95,53.63,32.41,41.57,53.44,38.68,91.99,90.4,59.56,82.71,26.45,68.27,28.81,43.63,60.22,82.09,81.83,96.74,69.93,87.14,79.87,77.16,71.3,77.56,31.15,31.29,46.5,45.05,97.97,51.36,75.12,96.99,112.8,47.86,121.28,74.99,43.92,53.92,61.44,59.16,47.47,88.71,80.5,25.97,45.92,99.48,88.68,61.9,32.15,81.33,25.68,35.22,38.02,74.78,45.36,109.5,59.39,113.55,79.1,112.54,109.41,81.57,84.2,45.04,59.13,32.38,44.3,40.98,118.77,58.37,98.61,22.7,84,68.51,125.18,66.62,26.36,115.2,60.21,42.95,40,44.96,56.48,100.39,81.01,24.94,53.71,70.65,57.05,40.33,68.07,54.75,79.13,105.84,66.05,65.22,35.47,100.1,55.47,112.01,42.34,93.24,58.96,81.76,59.17,39.91,61.77,88.66,27.88,65.29,56.9,73.89,34.78,56,98.29,77.07,75.06,35.53,123.27,56.43,67.6,64.42,28.25,44.06,30.22,54.07,91.5,20.8,70.53,52.86,66.03,85.89,48.61,83.98,46.55,64.63,82.2,49.78,47.92,110.95,74.26,113.8,50.08,31.27,76.1,30.27,39.02,37.73,58.41,24.3,79.36,92.66,76.07,122.02,106.54,50.88,63.81,64.74,98.01,39.01,27.89,38.42,54.89,40.52,75.69,21.3,75.33,59.74,89.24,83.92,86.57,77.43,76.57,26.52,65.39,50.02,24.67,45.49,25.62,53.01,60.73,98.67,26.66,79.51,91.88,30.05,92.52,93.98,25.87,61.45,90.9,47.16,30.96,54.77,33.11,71.89,72.17,71.92,45.31,24.89,32.69,41.8,62.15,54.33,95.99,48.26,124.86,104.64,91.77,29.65,43.49,103.93,47.37,74.45,65.11,43.19,97.24,62.13,122.09,107.09,77.72,126.55,79.34,55.08,62.86,116.06,32.03,91.09,57.82,76.54,46.32,74.57,104.6,61.43,50.39,42.6,68.89,57.85,91.99,105.78,77.84,46.41,81.45,81.56,102.83,64.29,81.35,57.01,68.25,58.24,71.96,92.12,21.29,25.73,50.59,70.83,39.26,26.46,90.64,34.17,43.34,79.78,37.62,55.84,87.34,34.55,44.55,47.64,46.96,75.99,105.69,81.79,43.59,38.33,34.18,113.94,57.05,109.7
37.88,46.29,59.19,44.67,39.7,47.19,79.7,88.78,93.9,31.52,22.86,21.96,55.73,40.09,82.88,113.28,50.28,77.85,77.88,61.92,55.45,90.45,30.98,46.37,75.71,39.53,91.49,25.92,81.59,100.17,91.53,26.16,74.35,77.34,115.01,42.43,74.07,72.86,104.09,75.9,71.55,77.35,35.51,40.36,61.08,22.16,82.17,83.01,29.34,68.72,108.61,49.1,38.69,47.1,93.96,51.13,34.8,50.43,87.46,78.73,90.03,112.78,27.58,91.87,95.18,42.49,73.64,121.96,73.68,57.37,89.11,49.69,109.22,77.85,26.15,37.25,47.21,89.57,104.73,29.8,18.44,42.51,53.36,40.41,45.66,58.92,70.92,119.28,30.91,43.67,30.92,78.25,21.92,55.66,26.78,65.23,27.8,38.78,33.16,19.45,101.13,111.17,78.62,20.7,28.7,99.04,73.28,60.58,84.74,87.64,88.27,46.27,81.4,28.09,35.62,106.32,50.41,31.76,39.32,88.47,60.04,45.54,64.68,43.36,35.62,45.3,52.17,32.94,105.97,104.05,59.5,112.47,20.86,84.36,37.01,38.06,76.62,81.59,91.79,108.24,94.49,84.08,63.7,70.66,74.74,70.55,31.34,32.65,50.01,50.97,107.66,65.24,103.32,98.48,72.54,59.01,79.78,71.04,48.73,43.78,68.94,79.61,58.79,81.85,73.45,22.32,64.98,89.97,101.48,88.48,34.22,108.13,26.02,34.25,30.89,83.81,51.47,106.42,73.64,76.14,81.5,86.89,105.25,110.17,78.47,63.71,59.11,42.09,34.4,56.73,85.56,67.49,83.95,32.73,81.67,57.45,87.81,63.18,22.45,113.39,61.89,50.69,58.63,41.36,56.14,91.2,77.59,27.53,65.61,88.4,45.85,59.24,69.05,55.22,63.09,92.86,93.01,61.28,29.06,99.88,66.22,112.52,37.43,114.34,46.37,85.08,56.56,48.33,52.41,67.85,32.17,66.24,73.14,80.84,38.17,60.73,108.59,94.56,85.95,38.74,109.79,77.79,55.74,87.39,26.21,46.15,24.97,63.63,74.74,22.2,74.11,55.43,61.39,74.67,51.48,88.57,43.56,64.32,77.02,40.32,48.36,82.4,83.61,80.65,57,31.72,86.91,25.16,47.12,33.11,68.69,33.23,69.88,80.61,74.37,95.3,94.09,44.11,59.86,60.88,86.13,37.76,24.1,44.02,71.21,49.74,82.99,21.88,66.06,62.43,88.65,77.62,107.36,79.08,65.54,23.53,71.86,43,21.45,41.78,33.21,59.37,59.04,92.06,32.23,61.56,99.93,31.88,77.62,103.17,25.34,79.05,78.54,54.16,26.9,68.86,24.85,94.65,88.95,72.82,50.68,17.56,35.49,32.42,56.86,52.9,111.2,43.37,117.77,133.54,64.63,37.35,45.29,89.86,44.49,61.03,75.42,47.24,101.98,76.89,118.52,78.62,114.19,127.49,116.57,49.94,71.41,107.53,41.43,102.33,51.57,90.31,42.05,70.93,86.08,67,46.39,47.83,82.78,51.13,95.11,94.75,66.03,47.29,87.44,82.28,103.92,76.76,59.74,77.92,51.21,69.94,69.05,112.9,26.45,31.29,60.99,53.24,34.44,23.48,97.19,36.1,52.81,97.41,30.54,63.41,81.75,26.86,37.22,59.85,46.59,95.75,107.67,91.45,57.1,45.32,31.59,135.37,68,90.9
34.25,47.06,38.86,42.97,36.96,45.31,86.36,92.66,123.46,25.6,34.74,26.77,62.9,40.17,98.55,92.46,75.8,87.75,117.69,54.82,68.59,87.07,27.81,42.19,69.95,45.34,78.51,22.7,62.82,71.4,87.86,33.32,68.48,73.24,109.77,40.02,64.31,63.57,92.7,85.79,86.67,78.99,41.36,44.11,60.46,23.95,91.88,76.63,36.29,55.1,112.48,49.17,40.5,40.28,73.64,68.16,36.94,34.64,85.63,76.19,76.66,97.12,31.62,116.26,60.34,43.62,65.68,121.97,81.11,80.21,107.32,44.84,118.7,74.38,23.48,41.75,53.19,85.81,72.53,37.27,20.72,45.5,64.12,34.42,60.85,59.16,77.62,85.31,24.97,42.48,35.22,74.9,18.74,71.49,33.49,71.09,25.23,40.83,48.85,25.21,110.24,92.19,100.64,25.83,24.13,112.05,77.66,95.39,80.58,91.73,90.35,48.75,69.55,31.93,43.59,95.29,64.7,28.16,29.78,120.38,51.34,40.98,93.14,44.21,27.26,43.89,52.2,31.28,92.72,110.94,61.49,104.18,28.39,73,42.08,62.39,53.84,90.36,96.31,82.95,62.83,98.96,80.52,57.94,59.3,68.69,31.11,32.67,62.79,53.1,107.97,73.04,93.35,101.62,90.48,70.43,114.29,75.95,45.37,47.3,53.06,80.17,50.67,64.78,74.19,23.59,46.48,104.13,124.29,62.13,29.48,86.35,17.23,39.1,30.47,85.85,44.52,108.64,77.44,84.07,74.49,104.05,105.2,82.03,105.06,57.35,54.28,30.69,46.4,50.34,91.77,53.36,78.64,23.04,90.91,71.11,110.51,65.02,22.24,118.18,74.63,50.08,61.69,60.7,57.02,86.71,98.99,32.16,53.98,87.71,53.56,42.98,76.51,45.11,66.11,68.15,72.18,71.53,30.29,86.05,74.01,119.41,45.79,125.8,56.88,77.73,56.98,56.02,61.48,106.62,31.52,49.19,55.84,69.57,31.09,61.47,125.28,119.6,93.11,33.74,89.25,75.52,52.17,92.43,32.82,50.58,30.98,77.13,74.73,27.86,67.33,68.3,88.37,85.94,41.94,101.72,50.36,65.45,105.7,52.67,61.98,98.15,63.71,98.09,67.03,35.03,86.24,30.3,46.94,27.15,48.36,24.61,57.76,95.23,94.92,86.51,113.19,49.21,60.85,69.54,70.24,40.84,25.24,45.99,73.42,45.71,83.09,21.59,74.66,71.64,92.63,56.11,95.09,108.32,76.93,22.8,74.67,44.87,24.32,40.4,24.44,50.01,63.68,106.82,34.94,72.6,107.77,34.17,107.19,94.16,27.84,69.73,83.22,48.81,26.21,67.25,33.65,85.67,90.89,81.41,42.55,20.08,29.55,38.3,52.81,58.12,127.15,47.24,143.16,107.42,78.65,34.75,53.81,112.12,68.06,67.77,51.61,52.86,111.29,59.05,79.36,88.87,105.63,121.92,82.67,67.84,63.17,91.21,33.69,115.79,68.67,91.25,42.42,65.76,88.55,65.99,42.58,56.54,92.39,45.54,77.74,95.35,57.26,49.06,95.8,80.5,121.55,57.74,55.13,74.09,67.92,63.92,71.54,75.93,28.22,29.73,44.23,63.49,46.02,28.61,111.69,30.41,45.42,106.9,33.08,60.6,100.97,24.33,33.08,57.54,49.26,106.42,128.31,111.2,50.88,46.06,33.68,96.96,58.49,121.04
34.07,50.58,68.51,60.93,37.2,39.44,62.05,74.22,132.01,24.68,37.68,24.04,51.85,35.54,86.4,108.53,74.17,98.24,111.38,75.51,78.25,79.48,42.84,45.59,93.2,54.45,90.07,28.76,80.27,92.7,70.18,29.41,60.36,75.63,115.21,36.95,70.93,65.66,94.46,89.58,63.06,79.7,40.33,42.43,83.72,26.11,95.01,75.76,28.23,65.2,112.94,45.38,54.79,52.03,79.55,63.08,34.57,38.07,93.57,88.84,77.29,94.4,36.19,94.98,87.56,46.46,73.57,135.56,63.4,73.75,110.44,49.96,118.05,67.49,27.39,33.31,69.33,77.38,97.98,31.02,20.85,52.99,61.89,32.33,62.54,61.38,68.62,112.56,23.54,36.65,31.93,83.3,19.82,66.54,30.38,73.61,26.37,49.94,37.34,24.43,123.28,104.2,101.9,24.82,23.52,83.56,70.35,65.23,89.03,67.47,82.12,45.64,91.22,24.92,43.44,117.1,50.86,32.66,40.04,89.31,47.37,37.51,58.49,43.31,32.39,38.47,48.74,45.34,100.87,106.99,49.56,90.39,22.71,77.44,33.2,55.52,74.95,107.31,73.21,98.95,70.42,85.85,81.65,52.9,56.52,69.23,28.2,30.15,47.88,53.69,108.27,69.6,80,88.21,100.25,66.17,91.88,80.49,47.37,58.59,60.85,55.57,69.27,103.68,77.23,25.91,62.17,102.57,96.47,66.06,36.46,99.87,21.09,32.74,39.34,96.94,50.79,74.39,53.51,102.57,88.9,119.85,94.24,110.51,96.02,50.83,53.03,34.3,46.65,48.74,107.33,66.2,86.93,33.11,86.79,48.21,127.86,52.27,28.08,121.02,66.51,38.79,47.25,50.86,52.86,96.22,85.7,31.44,46.46,83.42,54.15,58.11,93.7,53.35,53.75,90.91,68.29,76.39,28.09,77.29,69.87,90.85,44.13,120.7,57.29,84.99,53.31,46.95,63.75,86.49,25.79,70.55,66.09,60.11,32.55,65.23,110.75,78.53,73.49,33.07,111.83,61.54,70.81,85.35,35.39,51.51,26.01,75.19,73.06,26.78,68.35,70.82,79.12,80.72,47.77,84.52,50.26,59.8,69.9,48.3,66.55,102.08,60.47,91.75,53.42,27.98,67.14,33.05,49.37,31.35,62.61,30.72,74.63,89.31,82.49,106.54,77.79,44.61,57.86,66.52,65.87,36.74,25.32,40.64,55.64,45.83,80.69,22.28,71.94,74.98,88.8,86.76,93.89,81.21,90.33,27.25,65.47,42.58,22.9,36.31,27.17,56.69,55.3,84.13,37.56,62.62,110.57,33.87,95.33,87.34,24.84,71.32,86.33,62.25,30.52,50.36,38.64,92.82,83.07,66.85,51.62,24.88,46.22,31.48,51.91,68.03,119.83,62.65,109.74,88.54,90.97,31.4,46.15,92.08,56.36,86.63,75.9,50.56,78.01,58.67,119.16,90.07,88.88,124.64,84.04,67.58,62.17,101.77,34.24,87.92,52.74,78.34,39.3,81.06,83.97,61.96,67.85,52.4,58.89,58.03,87.8,103.28,74.11,48.77,100.8,76.37,102.81,81.23,77.22,83.78,52.94,71.22,56.27,118.23,26.57,26.93,58.13,73.05,31.15,26.02,99.19,33.12,50.85,91.56,39.89,79.35,100.15,31.15,40.38,46.96,50.74,101.32,105.25,100.31,58.16,36.15,36.4,123.22,58.92,84.31
30.56,48.93,42.8,56.45,30.65,39.19,81.85,87.7,110.08,24.15,23.76,20.4,45.36,37.61,98.2,95.62,71.28,66.33,90.61,68.77,55.09,91.91,29.2,47.38,81.79,42.61,80.54,24.87,68.45,68.71,84.51,34,67,76.49,118.01,59.02,74.43,50.29,111.52,78.95,79.76,87.58,40.7,37.32,66.25,26.31,96.2,75.75,41.14,44.59,114.48,56.72,40.31,48.23,100.07,69.34,31.67,40.56,95.89,102.7,113.57,122.2,34.4,117.89,72.82,34.57,70.52,110.18,59.97,72.02,109.36,57.44,82.65,81.79,18.46,28.63,69.19,92.3,94.59,31.34,19.2,43.83,64.81,37.37,67.95,64.33,61.83,117.46,33.53,42.54,32.93,108.45,23.88,71.96,39.62,57.67,32.89,38.36,35.56,26.3,88.22,105.1,94.74,29.75,23.87,101.95,84.54,81.63,86,90.2,95.68,45.74,89.2,29.43,52.94,82.36,56.63,31.05,31.31,86.36,52.9,37.81,63.22,41.3,32.66,49.65,46.18,32.7,87.87,115.66,44.5,99.61,26.19,62.53,31.62,49.19,61.59,82.88,91.65,78.24,82.82,112.84,92.09,75.3,56.08,68.62,32.93,38.14,69.29,39.01,90.59,57.32,116.06,72.62,84.31,70.3,101.62,98.64,49.64,49.67,70.47,82.37,59.81,80.24,91.55,18.28,47.04,100.89,85.47,64.94,37.32,91.96,17.19,33.09,34.46,80.14,56.52,97.01,68.27,73.02,80.75,112.84,99.67,87.62,74.32,52.25,49.17,38.27,44.35,53.76,114.26,60.76,110.55,30.81,104.11,59.55,99.4,72.03,24.52,108.51,74.41,43.89,64.59,44.23,54.87,119.04,86.62,24.96,63.23,98.15,54.62,41.32,85.26,58.63,71.01,85.55,86,53.92,35.29,87.44,69.65,84.97,61.17,90.05,56.31,71.14,57.19,56.61,60.06,84.93,30.79,71.11,58.55,72.7,34.57,67.95,100.38,82.72,79.83,30.72,102.1,56.97,76.98,89.59,37.48,34.9,33.76,68.14,80.03,25.47,50.35,63.15,71.04,86.08,57.26,119.55,53.99,77.61,85.53,62.73,70,82.87,64.43,109.77,59.67,37.83,73.69,32.21,47.11,25,53.42,21.63,54.09,85.5,66.12,112,113.07,44.15,61.2,61.09,74.85,41.52,25.38,46.02,57.13,42,68.76,23.03,72.9,60.7,119.26,73.35,76.28,100.64,78.52,31.89,71.18,58.24,25.1,40.37,38.18,56.83,54.87,116.29,31.54,75.11,97.15,40.98,94.13,89.79,25.13,59.46,82.88,63.83,27.11,70.66,31.12,85.19,99.59,79.11,50.86,20.57,35.4,37.03,61.51,57.36,113.78,48.36,108.31,105.02,79.93,29.89,44.31,115.28,57.35,86.41,69.89,58.19,96.1,72.29,99.4,83.24,117.75,110.76,93.18,69.42,73.35,121.44,41.32,83.65,51.87,66.52,36.21,81.33,114.12,70.12,45.87,55.82,84.95,53.75,98.57,90.65,60.22,49.78,102.36,91.24,85.67,67.61,73.9,72.09,57.21,73.9,57.38,104.33,26.76,27.61,52.34,53.94,43.15,23.49,95.98,28.95,40.77,86.89,32.15,74.47,101.31,33.82,44.08,45.2,40.28,90.89,113.87,106.34,49.72,37.74,40.18,87.71,63.61,122.75
45.01,47.46,44.58,47.99,34.78,47.83,89.29,72.13,88.97,23.85,28.98,22.13,56.74,30.92,81.37,84.04,62.71,89.81,79.7,59.59,70.07,93.53,32.81,37.24,71.51,48.16,100.09,22.47,70.22,91.3,67.03,30.74,65.43,82.3,120.48,38.19,76.76,55.77,86.55,94.45,63.3,83.95,39.13,32.88,70.31,27.07,80.23,67.09,30.26,68.35,100.48,42.94,44.84,51.61,85.23,71.16,30.94,32.22,70.78,78.21,91.78,103.52,30.72,100.95,77.49,35.92,77.82,117.63,73.07,56.07,93.81,56.19,79.32,58.51,23.94,32.72,57.76,65.65,70.62,38.88,17.58,43.77,69.55,31.65,49.05,54.03,91.83,95.39,32.31,44.45,34.14,91.11,22.43,61,28.6,62.06,30.72,39.68,43.91,24.61,85.07,114.53,85.87,20.72,24.2,89.68,78.78,79.67,83.78,91.82,85.24,49.63,70.99,24.06,43,85.44,57.56,31.46,29.9,90.93,51.3,43.98,83.4,40.56,31.38,48.01,60.54,38.61,97.36,111.07,60.21,83.94,24.61,64.57,36.24,48.96,71.82,71.76,89.06,90.43,79.2,101.99,80.54,69.5,58.11,56.13,24.45,35.09,67.37,56.27,95.76,66.64,101.24,89.08,106.18,66.9,102.38,83.16,49.58,40.16,64.21,66.71,58.76,78.44,80.32,22.96,43.26,87.52,100.95,82.91,30.84,120.06,21.62,32.98,30.18,95.5,47.78,97.31,59.48,105.05,78.6,89.97,109.07,107.25,70.8,53.7,61.98,30.28,44.01,46.95,119.55,64.61,69.6,26.83,92.97,54,89.15,58.2,21.31,104.82,53.83,42.52,46.74,43.53,64,115.36,80.8,30.56,48.3,69.19,53.29,44.58,91.11,50.28,64.89,96.06,65.82,60.7,24.32,70.93,65.29,96.52,49.54,83.86,44.02,76.23,62.53,49.6,50.45,85.21,28.08,59.02,62.41,64.5,37.58,66.52,108.61,97.96,65.1,39.93,110.82,58.64,51.52,72.24,32.44,42.02,24.89,68.61,77.36,20.82,67.03,62.98,61.8,80.93,46.8,97.12,38.53,62.47,75.77,58.04,47.97,110.52,60.95,89.63,58.77,28.26,58.01,34.12,40.63,26.44,67.82,22.5,53.13,69.86,97.84,101.43,106.57,45.78,52.4,53.85,73.9,39.54,21.96,37.57,63.64,44.31,75.44,19.44,72.24,77.62,109.04,71.45,98.08,75.39,76.39,27.91,59.71,44.64,25.04,39.99,26.99,53.57,54.12,90.38,25.73,80.23,66.02,29.38,88.29,96.32,25.55,62.63,86.91,47.95,31.32,52.32,27.44,64.46,75.78,79.74,46.92,22.56,34.72,40.99,52.86,59.43,100.76,47.35,109.41,110.1,76.43,35.83,40.53,105.42,61.05,68.93,61.9,64.36,82.69,57.75,106.69,75.02,110.77,104.47,101.39,64.92,59.52,86.46,31.27,104.14,61.2,68.38,44.57,72.81,82.71,64.62,41.9,52.8,74.33,58.26,90.39,110.29,68.1,56.83,69.03,94.88,81.76,58.1,68.64,66.29,49.27,78.21,68.5,103.42,25.71,25.12,66.9,50.05,31.39,23.32,94.44,25.7,45.89,70.95,32.1,57.41,102.58,32.02,38.64,55.55,45.32,73.23,113.74,85.15,44.41,49.6,36.14,125.05,54.4,102.91
34.9,42.7,59.21,42.14,27.45,51.03,80.68,81.59,93.48,29.66,22.88,20.55,61.95,46.59,101.96,103.61,72.83,84.24,88.67,52.88,75.75,86.91,28.38,36.28,83.67,41.57,107.4,23.24,59.73,84.86,69.73,36.69,87.95,74.41,127.37,54.02,72.97,57.07,80.92,72.27,68.03,65.77,30.39,40.01,63.76,21.41,101.56,80.28,31.7,64.52,84.63,38.77,50.08,46.61,85.17,52.11,32.77,43.05,87.26,86.32,78.46,113.46,30.34,97.77,78.17,44.3,60.05,92.59,68.69,56.64,121.93,45.86,107.99,72.43,29.78,37.76,59.06,79.02,91.95,37.44,25.15,36.09,61.14,37.83,54.16,70.84,80.56,105.74,26.72,34.14,38.08,81.49,25.06,57.37,33.37,71.76,26.47,40.9,33.9,25.18,118.57,115.06,92.26,20.45,23.96,111.36,87.49,87.47,109.49,102.01,100.94,36.62,64.4,27.14,44.5,118.98,78.28,40.61,32.74,98.14,45.94,32.52,70.74,37.34,39.24,43.25,62.33,35.36,103.32,92.06,43.27,86.46,25.88,67.17,37.89,49.79,54.07,106.33,91.91,88.58,78.27,99.17,74.05,79.61,65.08,60.76,28.94,35.58,54.77,62.42,73.94,77.07,87.31,105.56,109.63,65.31,75.03,70.25,38.67,62.35,59.66,72.71,51.23,91.77,73.96,21.88,58.33,115.33,113.19,66.18,43.01,109.22,21.4,35.78,30.27,87.82,57.27,97.82,75.42,105.15,99.47,122.02,99.25,102.21,82.77,58.18,58.06,41.57,38.09,42.73,122.73,75.35,69.51,24.26,107.45,54.27,115.39,55.28,23.23,111.59,78.04,37.95,56.69,55.31,54.41,85.9,81.75,28.71,56.39,82.62,46.62,50.88,86.15,56.85,85.73,83.31,94.4,67.09,28.08,76.88,57.86,93.21,58.22,107.93,54.07,78.16,58.62,60.26,64,75.75,21.86,70.71,73.46,57.28,27.34,53.03,111.01,77.12,78.8,32.61,82.09,80.65,44.35,70.3,30.06,52.46,22.75,75.6,83.11,26.05,77.38,65.9,62.72,72.66,61.87,87.12,48.53,84,85.23,60.11,55.87,116.65,55.89,108.29,43.64,33.45,85.8,31.37,48.32,30.01,49.93,25.23,80.01,87.64,97.71,121.08,86.14,52.41,55.71,64.1,87.14,37.44,24.69,35.71,57.2,43.65,61.86,21.69,81.63,68.24,104.43,64.93,93.91,100.4,77.14,28.58,61.98,47.05,20.16,40.4,34.59,61.66,48.54,96.73,26.22,74.65,84.81,29.46,79.75,98.13,28.6,55.58,79.13,48.19,27.9,55.86,30.14,69.53,70.04,64.94,35.35,27.06,38.08,42.63,53.03,47.86,99.07,44.55,84.77,104.55,79.16,41.36,48.97,82.99,55.68,64.54,70.82,60.37,98.17,71.23,88.37,82.1,79.86,108.56,84.55,60.13,70.28,126.79,32.67,91.2,52.05,86.65,37.96,67.4,87.24,67.97,44.51,52.48,78.43,59.62,88.34,97.59,69.9,56.92,84.6,94.38,99.79,58.35,74.08,73.23,61.85,77.94,57.17,96.56,24.16,28.72,49.75,69.66,37.71,25.48,88.41,31.11,37.03,79.84,29.61,53.19,107.49,31.7,37.4,42.66,52.26,101.55,100.99,88.19,59.11,46.82,35.28,130.27,70.32,99.02
46.8,45.31,64.29,51.83,34.66,39.09,70.49,90.76,97.1,31.31,30.32,18.9,54.88,33.12,81.48,123.96,55.47,66.21,96.82,71.37,68.9,81.25,44.7,53.1,83.32,53.52,94.68,22.39,80.62,79.99,89.72,25.69,90.58,69.86,100.61,50.29,75.79,64.54,78.32,82.5,91.06,71.51,37.97,39.09,62.35,27.61,81.57,62.7,34.01,63.39,87.9,50.29,54.73,41.68,71.27,60.11,43.14,33.64,92.1,83.55,96.43,99.97,33.24,111.95,85.8,40.05,72.93,81.92,53.43,56.32,86.46,53.74,109.84,74.98,21.49,42.99,68.14,91.7,91.49,29.23,22.93,50.99,54.48,33.62,50.94,63.56,61.99,103.38,26.88,43.5,36.85,76.09,23.46,74.43,27.35,59.7,33.06,33.71,42.11,20.34,99.89,106.17,72.15,30.24,28.02,85.39,73.87,65.46,101.22,97.33,87.54,36.15,79.02,20.51,39.83,101.29,67.83,31.82,34.17,107.49,45.9,41.81,79.99,36.36,39.68,43.02,46.85,45.09,121.67,107.68,49.23,109.01,21.92,84.79,38.92,44.89,69.59,94.99,74.77,73.12,75.71,108.34,59.14,70.15,48.78,71.7,24.57,26.55,50.47,54.29,108.94,50.37,114.05,103.85,89.33,48.36,116.66,60.77,48.82,57.13,58.1,77.35,48.51,98.38,87.46,26.12,48.45,120.09,90.71,69.82,32.81,107.49,20.99,26.24,28.89,87.54,45.04,72.82,73.98,112.12,105.58,104.62,114.69,98.32,79.1,45.82,67.64,28.61,31.4,54.86,85.64,63.27,94.24,22.27,102.95,55.37,93.13,58.5,22.73,105.58,79.19,50.68,59.15,43.87,52.5,100.01,94.26,23.04,75.86,83.2,55.6,41.36,79.8,46.99,74.25,87.16,90.71,58.97,31.25,93.58,59,101.13,35.06,107.76,52.53,77.96,67.22,57.62,55.9,105.3,22.49,67.5,55.9,62.56,35,61.18,87.68,117.73,67.12,44.92,109.57,75.3,49.94,65.26,24.3,50.04,30.79,76.8,76.42,29.52,75.37,52.96,74.32,92.78,48.59,85.38,44.2,77.95,80.26,57.99,58.39,91.76,74.74,78.97,49.94,27.71,75.17,31.38,40.73,27.73,72.53,25.41,76.04,87.96,73.47,97.06,101.7,50.16,49.66,74.08,76.37,44.4,24.96,48.61,69.12,39.27,87.5,21.11,69.04,87.18,117.14,75.65,89.79,82.78,89.24,26.58,58.37,53.29,27.72,44.13,33.55,51.72,52.82,82.24,33.34,81.74,73.55,39.99,98.05,115.66,24.93,81.05,110.59,68.25,32.11,49.81,31.22,80.16,75.85,96.18,36.19,23.07,34.66,40.06,48.7,73.96,100.83,64.39,112.98,120.31,68.33,30.06,33.13,105.03,47.28,66.57,59.25,52.42,96.93,59.22,78.76,87.64,119.38,111.57,84.68,61.08,81.63,121.36,33.58,88.89,45.5,76.82,40.81,77.54,107.15,66.92,43.82,57.64,68.62,48.79,74.81,82.48,62.23,47.98,84.04,86.17,89.67,59.12,63.96,76.72,52.39,59.79,67.85,99.07,20.64,30.99,51,59.29,35.14,27,90.39,27.75,33.42,74.28,29.69,66.02,104.59,31.9,42.56,59.11,43.41,80.61,106.34,117.86,56.78,35.13,30.68,119.84,71.92,120.02
34.29,55.83,56.6,39.73,25.77,55.6,69.59,67.27,114.44,27.16,29.81,28.29,55.57,37.73,87.93,88.76,51.7,63.52,107.04,74.83,73.14,87.76,41.32,49.28,81.39,49.47,83.48,27.48,57.1,81.79,80.2,39.68,87.99,61.22,108.65,44.7,73.84,58.66,83.25,88.62,65.83,72.43,33.13,39.46,77.08,22.68,104.63,60.1,34.69,68.98,93.04,49.26,36.42,48.16,77.29,71.52,28.05,41.69,94.15,70.68,107.02,79.62,30.19,113.7,88.58,47.17,74.48,101.94,74.39,58.55,121.05,55.95,118.1,92.01,24.03,39.2,63.54,74.55,83.97,33.79,26.66,41.55,65.83,33.56,58.72,63.61,92.92,93.91,27.93,41.72,36.23,91.93,24.49,87.59,26.57,71.34,35.91,39.02,48.83,20.43,84.27,108.31,105.99,26.22,31.38,97.49,73.11,90.61,85.75,107.94,80.01,35.07,85.44,26.52,39.17,93.09,49.24,36.45,43.4,113.49,46.48,37.18,89.55,42.19,33.84,39.88,59.87,31.75,87.78,98.5,49.66,102.8,23.26,85.88,33.98,46.76,60.75,93.18,88.83,84.1,95.42,84.89,74.34,55.17,63.28,73.14,30.39,28.74,66.1,40.1,93.16,63.09,84.82,89.79,99.19,61.64,92.58,76.61,39.1,54.46,64.13,84.72,58.62,77.23,82.56,22.42,46.49,89.52,100.37,63.24,45.26,102.55,25.52,30.84,27.54,88.46,45.28,75.82,57.28,109.99,89.53,118.33,110.24,73.17,94.92,47.64,67.56,31.16,47.09,47.6,82.47,61,75.16,29.38,111.73,49.41,114.88,49.48,23.2,109.13,51.47,42.87,54.06,42.87,60.66,94.81,80.34,25.98,62.47,88.06,52.64,49.1,75.84,45.28,81.53,90.27,79.82,58.6,28.68,89.99,53.68,116.93,57.57,87.23,44.72,73.68,62.14,55.96,75.96,95.02,27.68,66.92,50.73,67.77,36.53,67.9,116.45,85.23,64.55,31.28,109.88,61.8,64.46,57.07,24.31,54.85,27.62,72.85,83.64,31.84,68.53,63.34,58.73,66.75,52.44,95.97,36.17,80.65,66.91,50.3,46.75,104.46,68.98,80.58,44.85,39.98,78.14,37.57,52.16,28.34,63.72,26.06,57.05,93.65,88.17,86.31,106.84,41.62,47.25,61.96,78.86,29.64,19.59,50.18,69.12,41.09,69.22,18.78,77.95,74.41,101.6,83.33,101.41,87.2,70.59,26.92,69.51,44.7,26.65,34.51,33.64,42.53,64.15,82.36,25.15,76.69,106.3,32.19,98.31,113.67,18.06,78.34,95.55,51.77,30.69,62.81,35.27,60.37,79.53,89.86,48.67,27.39,29.46,40.28,67.85,69.77,114.22,61.59,90.17,106.49,88.65,34.18,46.02,89.42,64.84,71.58,56.95,50.01,114.56,67.34,94.68,93.15,82.86,105.86,83.57,64.65,78.66,97.37,37.28,79.6,61.45,75.14,43.3,65.23,98.82,83.62,56.19,41.43,62.56,44.73,92.18,112.61,54.82,47.11,86.6,104.89,130.19,68.73,84.94,75.28,49.65,77.21,69.95,105.24,19.91,29.18,59.66,65.75,40.01,25.33,99.09,27.97,40.69,88.16,31.65,68.28,89.04,31.34,39.48,48.57,50.46,81.5,111.56,82.34,52.49,33.25,36.08,115.48,70.82,106.29
49.56,51.73,53.73,56.48,27.47,46.29,95.17,94.58,107.85,28.99,34.47,26.57,54.06,46.55,82.99,126.39,74.37,66.16,116.06,75.3,56.26,95.47,41.99,58.18,67.37,46.54,104.56,28.31,94.8,86.93,78.02,34.42,77.87,74.91,90.68,56.46,85.71,47.11,69.69,82.79,80.7,63.58,29.36,39.75,57.3,22.73,81.31,83.51,35.66,56.53,118.47,51.71,55.36,44.51,82.28,68.92,41.09,49.51,79.42,84.32,79.23,97.52,29.54,114.95,60.76,48.97,70.34,108.54,74.73,56.73,108.73,45.81,107.77,56.13,23.42,38.51,57.94,84.66,97.48,33.17,23.04,39.09,76.08,41.17,56.87,66.17,65.23,105.81,30.9,39.91,32.7,110.25,27.45,69.39,36.34,76.16,35.3,36.19,39.27,25.3,128.17,101.34,92.77,26.67,28.69,119.64,66.78,86.57,114.09,102.79,109.87,41.47,76.96,20.6,50.75,115,68.17,33.61,36.74,102.31,56.78,39.13,84.46,46.35,30.61,53.93,57.29,29.7,86.48,105.82,49.35,100.07,22.81,85.97,25.83,41.16,71.48,99.54,91.64,122.82,62.86,116.23,73,70.46,68.47,73.55,31.66,35.57,65.06,46.9,84.61,56.23,93.9,78.71,75.44,70.18,104.15,88.92,51.49,41.65,63.88,68.75,50.58,67.61,69.14,24.95,60.04,101.51,89.98,62.43,31.94,135.77,22.57,31.42,36.17,83.91,57.71,108.12,61.7,85.61,87.48,97.91,111.23,93.12,97.15,43.63,75.25,42.52,40.41,49.81,104.57,56.26,79.93,32.16,80.56,63.79,92.15,55.5,21.76,90.45,79.73,41.97,64.44,46.94,67.97,114.35,87.59,28.64,77.6,72.13,51.32,59.2,66.22,54.66,76.16,88.79,81.98,70.93,31.2,100.76,65.99,97.72,39.58,79.31,47.19,83.13,65.45,51.57,74.98,101.49,32.11,78.29,62.83,66.37,40.12,57.08,106.5,86.49,83.41,30.76,109.9,92.2,61.43,71.31,30.47,52.08,30.05,60.99,84.31,31.47,69.83,59.94,68.8,74.25,53.85,92.97,48.21,76.57,97.58,54.78,57.52,108.73,65.75,110.58,43.08,39.24,61.43,27.45,44.84,34.71,65.61,21.69,69.16,82.54,80.9,92.22,112.16,47.44,58.37,66.3,74.28,51.24,21.87,44.67,71.11,44.15,89.85,20.76,68.62,63.6,100.1,95.64,109.05,111.85,76.2,20.85,65.35,47.77,32.23,41.93,32.95,71.21,50.23,91.03,39.69,73.73,90.58,34.62,118.31,114.53,25.05,75.89,87.98,54.49,34.36,72.25,31.03,87.57,110.06,101.28,59.09,29.7,34.78,42.42,53.66,54.18,87.17,57.74,108.28,120.88,85.28,33.69,48.55,104.85,57.31,59.31,67.21,57.16,91.1,91,82.36,72.84,130.97,117.02,105.15,62.34,67.59,103.68,39.96,92.6,54.75,79.24,42.44,72.08,75.98,69.35,44.9,58.21,73.66,55.41,70.44,94.08,65.92,45.96,105.17,96.36,97.14,57.4,59.06,73.64,51.42,87.95,60.64,94.61,25.39,33.69,57.35,58.66,35.39,24.93,81.18,35.7,51.27,79.4,31.23,75.64,115.2,25.59,51.39,58.32,49.27,72.19,134.42,94.25,57.03,36.96,35.62,108.84,56.04,118.72
33.44,42.81,45.18,41.39,36.11,47.33,92.1,66.82,101.5,27.67,25.34,22.59,60.3,33.47,101.24,80.18,56.11,75.99,93.72,74.81,55.76,90.85,43.66,37.53,75.54,50.67,85.46,24.3,75.06,65.59,91.92,28.91,83.11,55.22,99.86,36.4,85.91,53.67,95.89,79.11,90.33,86.31,45.73,49.69,60.81,29.26,90.08,81.26,40.88,53.63,108.86,47.37,51.17,66.01,96.19,70.2,30.38,41.08,66.97,87.08,90.33,122.77,28.77,113.01,66.89,41.49,71.26,124.24,85.6,53.65,107.44,52.13,77.41,83.55,21.92,36.96,55.54,87.64,75.4,31.61,19.16,49.88,71.44,38.17,58.54,74.17,83.52,99.71,38.06,41.06,34.87,92.74,26.34,72.62,35.49,66.68,26.36,47.35,42.43,23.59,105.25,112.27,95.96,22.3,22.39,98.94,67.61,86.76,96.75,99.62,86.96,44.02,89.29,24.37,44.86,84.95,65.02,39.85,43.64,80.94,44.14,40.86,70.12,52.94,34.59,41.69,53.75,36.07,96.64,103.59,51.31,86.73,28.77,74.03,34.62,49.48,49.51,83.12,103.72,117.91,70.42,88.68,57.68,54.16,50.43,59.87,27.41,31.2,53.93,45.8,92.84,77.72,100.91,82.49,107.19,69.32,79.39,87.84,38.85,48.68,70.85,63.13,57.19,68,60.93,24.67,63.22,98.75,100.17,72.85,34.99,98.08,18.32,30.86,35.88,83.49,56.76,77.62,65.64,102.82,103.12,96.42,128.76,100.71,99.43,41.41,64.6,40.94,39.61,41.73,86.09,77.6,94.83,31.04,93.97,43.17,115.91,64.87,28.88,96.51,54.05,36.56,40.09,47.69,59.5,100.97,72.07,28.47,52.02,83.68,49.79,52.57,74.42,44.37,74.25,108.26,75.59,68.32,28.65,74.95,54.94,99.42,52.73,90.62,44.88,78.91,52.42,57.98,61.77,78.8,28.55,53.36,56.12,59.23,30.51,62.46,91.99,115.96,84.56,38.94,113.3,71.65,65.4,89.91,34.97,40.35,34.83,68.72,78.57,25.61,55.4,64.11,81.43,94.47,52.7,89.46,49.37,79.36,77.13,47.51,50.75,112.06,85.05,87.93,42.59,34.55,87.4,32.39,41.5,31.82,50.6,27.35,60.69,105.11,93.07,77.07,114.53,48.38,45.31,69.13,89.43,37.2,19.45,37.6,65.39,37.03,65.56,24.1,62.96,64.7,86.64,62.74,105.32,88.47,87.89,32.07,70.94,49.41,24.46,48.78,29.79,59.97,57.61,84.32,36.77,72.85,98.69,29.14,93.97,126.59,22.16,59.41,101.13,56.87,26.89,64.73,30.06,65.22,86.45,77.02,52.46,17.9,35.23,33.36,61.95,57.99,126.82,54.94,122.01,80.05,83.25,33.55,42.67,103.51,56.18,69.69,64.18,58.42,93.16,84.98,87.7,99.76,92.85,106.01,107.02,71.55,85.25,95.26,36.48,95.04,46.22,64.47,42.74,77.57,108.55,59.61,43.55,47.92,64.15,51.5,79.41,86.9,58.16,38.44,107.65,88.61,109.82,69.65,84.69,53.57,65.14,74.37,70.53,82.21,25.28,23.18,59.91,52.94,35.17,20.95,95.97,26.28,48.94,75.57,39.93,67.63,87.14,30.38,49.45,46.28,39.91,90.34,110.44,95.77,41.55,47.81,36.43,122.3,73.67,104.52
36.58,51.8,59.06,51.25,33.75,36.66,64.33,73.74,82.38,31.39,33,22.03,48.53,30.5,76.76,97.09,56.46,76.9,94.79,77.84,58.04,79.67,37.02,50.47,67.24,56.12,78.29,28.65,88.13,69.56,86.84,33.05,82.81,65.05,97.47,45.44,73.77,47.94,82.41,84.03,84.86,64.59,35.05,48.72,72.5,22.09,113.9,67.93,31.15,57.92,89.94,48.15,35.06,44.81,95.18,76.66,43.64,41.62,72.22,86.97,87.73,94.15,35.72,122.33,82.51,49.84,58.01,104.21,61.68,79.65,103.69,60.48,118.34,79.37,22.62,30.35,49.02,94.41,102.43,35.96,19.92,50.03,58.7,37.68,58.19,47.66,71.15,99.32,24.86,34.36,30.62,79.45,22.02,81.57,26.43,58.74,33.68,40.14,51.68,23.08,109.34,105.22,101.97,26.3,30.76,105.93,80.35,89.6,83.87,89.35,105.55,40.83,94.33,25.76,44.58,113.53,56.53,27.9,39.54,84.14,56.21,40.65,84.44,49.99,26.77,50.89,52.73,43.15,100.49,103.62,44.41,104.31,24.58,79.55,33.31,44.82,70.73,87.15,94.53,109.46,74.16,105.93,68.78,60.65,57.54,70.42,30.33,24.45,56.28,51.72,105.59,60.5,92.53,94.13,113.93,55.94,109.27,68.11,38.59,51.97,69.57,60.28,50.2,90.9,76.72,20.98,58.04,107.63,109.88,59.2,33.04,103.87,18.99,28.24,34.15,81.88,48.92,79.64,79.29,104.65,94.57,107.58,93.4,98.42,85.13,44.85,51.71,39.51,31.52,42.51,90.68,65.7,93.45,32.05,72.85,56.17,101.99,63.82,23.59,103.16,69.5,43.18,49.11,51.86,49.69,100.28,94.89,29.58,57.13,79.48,53.41,46.54,95.86,54.44,72.65,82.5,84.5,57.22,36.27,67.97,56.07,99.54,42.05,97.12,58.43,85.48,69,57.17,50.05,76.96,27.66,68.94,51.37,63.41,30.63,54.26,84.66,99.72,66.39,37.54,108.19,66.03,60.37,82.38,31.39,45.91,27.38,63.42,84.22,21.83,50.56,53.97,58.78,86.79,55.19,80.53,44.9,74.93,89.77,53.91,50.45,91.82,80.53,101.57,41.86,32.46,78.37,34.94,39.09,24.94,43.54,31.47,54.74,101.09,87.31,116.18,98.17,53.25,65.9,68.37,68.1,44.06,24,49.11,73.99,47.59,78.7,22.42,61.83,76.49,102.23,67.89,78.89,110,73.56,27.63,77.21,41.74,27.45,32.2,23.9,60.24,55.36,99.64,33.12,60.56,78.82,35.41,77.36,104.58,19.63,70.24,87.56,51.37,27.25,66.71,28.98,64.94,88.97,76.14,42.22,23.41,39.68,44.06,58.52,46.47,98.44,45.45,125.87,85.01,82.12,29.06,39.12,86.47,54.53,56.61,60.17,57.39,82.23,81.1,96.67,91.54,85.23,100.72,102.53,57.98,65.54,100.69,36.64,96.39,58.53,68.5,39.45,58.1,92.58,63.24,56.76,42.12,78.51,47.89,93.36,77.23,53.54,45.06,88.44,76.09,114.54,72.42,80.85,62.52,70.16,69.54,75.77,90.94,26.1,32.74,47.22,54.64,30.85,18.51,98.6,31.7,39.46,69.24,39.58,71.41,116.93,22.88,33.17,46.23,42.3,108.39,106.09,89.08,59.19,49.83,39.99,93.28,56.2,126.36
42.69,49.32,49.93,56.92,36.73,48.51,61.95,68.44,113.58,32.86,27.68,23.25,51.31,42.61,82.57,87.43,50.89,89.37,84.35,69.21,75.83,102.89,34.45,54.16,85.97,40.01,100.32,26.1,81.04,76.62,81.1,33.92,67.5,82.07,105.58,50.17,86.89,54.53,92.35,88.45,73.2,94.42,39.99,36.04,60.3,31.91,122.58,81.77,31.42,70.11,89.34,60.05,49.39,57.67,93.86,68.98,36.78,49.22,110.24,68.87,116.43,84.08,26.64,115.26,60.48,56.79,67.69,125.16,59.49,74.14,87.5,49.76,114.84,82.49,26.23,41.3,59.49,84.01,88.62,38.21,30,39.1,70.04,30.62,47.16,55.2,90.9,110.05,27.73,46.36,26.74,94.54,24.49,90.24,36.58,74.49,38.64,48.39,40.48,26.16,118.12,106.93,95.68,25.16,22.09,84.27,66.88,72.8,84.39,92.74,98.82,51.03,87.27,24.33,44.75,92,68.87,40.7,35.36,98.63,44.25,49.59,90.18,49.46,36.51,51.16,57.33,31.77,108.75,124.23,49.88,119.88,23.51,93.7,31.97,48.82,64.74,87.54,80.89,85.7,67.29,107.52,85.22,62.14,78.03,75.93,24.76,32.63,66.42,53.84,80.4,72.98,103.7,90.41,85,70.9,77.03,79.96,46.19,63.34,55.54,76.82,61.17,98.51,85.5,22.42,51.22,118.47,106.29,65.59,34.46,108.97,24.86,36.82,36,84.15,45.85,103.17,65.94,95.51,92.54,114.67,119.66,121.5,94.47,48.15,58.28,36.79,39.61,47.39,94.31,68.92,93.51,26.49,103.65,49.9,119.7,66.68,23.29,94.09,58.47,41.03,50.17,58.29,68.94,119.83,75.33,27.26,58.64,96.37,49.66,49.64,97.65,50.76,66.41,89.15,85.13,66.05,28.48,98.99,72.92,117.39,45.48,88.84,51.7,90.43,70.43,47.87,65.01,84.69,29.75,56.41,62.78,65.72,34.11,50.06,117.8,89.4,78.45,41.05,86.58,63.38,69.17,74.36,27.84,48.62,27.89,75.25,73.35,25.71,59.94,59.96,64.42,83.19,46.47,104.04,43.77,80.51,66.83,55.52,45.05,113.6,61.3,105.63,42.24,39.05,79.42,28.97,41.49,26.06,58.33,29.91,67.58,99.26,88.42,115.69,85.52,42.05,63.42,66.58,84.37,44.24,26.48,35.05,71.21,40.54,79.04,30.06,73.5,71.59,100.75,80.46,94.15,101.64,81.14,26.27,53.99,57.04,22.25,47.01,31.41,63.28,47.39,116.57,31.94,58.74,78.49,38.95,111.54,95.42,27.94,54.64,102.51,64.26,34.62,78.08,30.06,71.33,89.89,83.71,41.94,20.2,36.99,40.34,79.84,60.14,135.63,57.36,133.46,108.03,81.83,36.95,42.31,126.32,63.65,78.49,80.86,66.47,89.49,85.06,117.3,98.65,132.14,129.19,110.14,68.63,63.14,107.68,34.97,89.5,52.68,76.75,42.3,61.68,99.31,56.8,56.08,55.5,81.91,66,90.56,118.9,55.81,43.94,99.79,89.22,108.65,71.81,82.57,55.22,64.46,83.17,80,113.79,23.94,28.61,70.53,59.33,39.13,25.83,83.88,35.59,51.06,107.29,45.09,60.54,91.01,20.58,45.16,44.73,49.57,101.16,122.21,76.72,48.42,42.57,35.09,89.14,78.1,92.33
31.38,69.35,48.04,47.6,33.68,48.52,95.13,77.05,97.93,25.7,34.78,23.42,48.86,46.47,99.69,124.33,76.32,87.41,102.64,74.81,65.5,85.47,40.72,39.76,83.94,47.69,106.65,29.83,73.14,101.82,71.87,33.73,69.81,79.33,120.89,47.16,85.99,73.39,88.74,74.03,70.26,76.74,37.87,45.79,62.91,30.89,108.98,93.15,39.26,63.22,96.71,57.78,46.94,58.14,72.64,48.9,29.95,31.28,87.53,96.38,82.48,109.97,30.66,109.33,91.28,37.5,68.72,84.05,56.98,66.24,93.9,63.53,73.58,83.29,24.91,33.43,60.34,89.83,88.13,33.87,22.07,51.55,65.67,37.65,67.91,74.65,81.22,110.3,25.2,35.77,42.55,100.08,25.47,73.82,32.18,68.15,28.18,38.65,35.55,18.84,130.96,128.71,96.04,24,26.5,117.78,77.11,83.1,88.68,97,76.32,41.71,71.69,28.53,52.2,115.99,56.3,32.87,37,103.01,66.34,38.93,96.79,52.58,26.37,43.41,53.99,48.45,108.9,115.08,54.19,90.85,27.92,91.23,27.19,52.17,65.01,78.03,74.9,80.89,96.82,103.44,75.06,75.32,64.88,79.41,36.12,24.35,53.92,64.12,97.07,84.54,98.09,105.72,113.47,47.2,111.16,65.85,39.66,57.6,69.94,63.16,60.79,85.28,100.91,25.39,51.4,93.27,95.66,90.89,37.44,124.05,19.91,34.05,39.88,92.07,47.3,78.38,55.07,86.97,87.04,112.08,122.12,109.96,95.16,62.56,59.83,41.92,43.03,43.26,105.84,77.49,88.38,23.54,84.74,69.86,126.2,50.41,26.05,87.89,59.99,39.84,42.69,48.27,58.81,126.98,102.3,28.96,72.49,85.96,52.25,44.01,81.21,51.7,77.37,108.68,76.65,62.74,34.89,75.64,71.04,120.62,61.42,109.06,53.41,68.54,70.38,51.69,59.23,84.16,26.24,56.27,58.86,62.26,25.49,47.65,84.54,102.55,98.76,45.57,118.96,59.79,69.73,90.31,31.95,40.61,33.64,64.57,76.97,24.55,61.11,55.09,62.95,70.23,56.11,92.51,41.96,56.94,84.71,57.43,61.88,107.52,75.96,94.74,49.2,39.49,78.65,37.16,57.44,35.7,56.94,31.27,71.56,90.4,72.83,109.56,85.54,47.77,67.6,57.24,76.93,40.02,23.16,33.89,57.49,41.96,75.66,23.47,87.91,69.56,103.85,59.45,95,72.23,75.31,29.9,74.36,50.43,29.3,42.88,37.35,63.62,56.69,93.37,34.77,83.16,84.63,28.47,90.47,109.65,24.43,65.91,79.83,57.94,36.31,59.28,31.35,63.17,68.13,80.23,46.5,22.07,39.98,34.64,80.24,66.85,105.71,48.48,110.65,119.75,83.28,34.79,42.97,103.64,62.75,75.3,64.69,51.69,110.58,71.05,97.52,101.19,95.62,103.2,103.97,61.18,63.34,132.09,38.08,123.92,51.87,63.17,44.63,66.96,107.74,58.68,45.33,55.71,63.15,60.25,83.06,95.57,70.2,46.49,75.26,73.68,115.49,57.38,91.22,71.05,64.69,76.3,69.39,123.21,20.7,29.85,43.57,65.01,49.01,23.28,77.67,34.61,46.51,79.48,38,64.02,89.74,27.77,39.12,55.68,53.99,83.91,102.64,89.4,62.46,46.83,41.25,116.72,71.29,89.05
38.88,43.51,54.66,55.19,31.88,36.54,85.98,79.71,105.1,29.13,26.54,28.32,51.19,34.51,105.78,92.68,60.25,97.94,90.88,74.2,59.39,107.81,30.59,43.84,76.17,48.76,103.57,34.47,95.9,83.99,89.05,27.31,79.59,78.16,91.27,45.38,76.7,57.52,75.03,97.28,67.11,77.78,38.02,50.33,58.17,29.93,87.48,60.68,32.53,52.33,98.2,57.34,52.53,60.35,70.65,58.58,34.01,39.15,111.63,81.61,78.87,86.44,27.22,94.24,66.68,39.69,71.63,121.25,61.52,60.33,85.07,56.56,71.56,82.84,28.34,34.22,64.35,71.87,106.76,32.29,26.18,34.48,65.94,41.07,56.22,64.64,90.73,85.58,36.53,40.39,27.82,78.56,20.46,68.98,34.57,85.6,25.79,47.67,44.31,27.7,121.81,90.9,99.64,26.99,26.51,106.08,86.75,63.04,89.15,93.37,92.19,42.43,82.12,25.51,47.55,111.77,64.14,29.45,31.9,79.96,61.3,35.16,68.47,50.6,30.26,39.53,48.59,32.69,102.61,86.13,45.2,104.83,27.13,65.6,37.37,54.27,70.59,100.06,93.69,79.22,78.25,108.24,68.32,67.71,67.39,69.78,23.29,22.99,48.19,62.72,86.11,76.02,104.15,108.5,105.15,48.45,117.44,69.32,37.16,45.31,71.59,82.82,50.42,95.65,84.42,20.67,57.09,94.8,113.75,68.29,42.15,116.68,19.91,25.34,35.23,81.41,48.83,72.02,60.86,86.69,91.63,97.5,94.37,117.1,107.93,57.68,50.13,29.96,44.27,56.67,87.78,58.27,79.11,26.24,81.54,51.01,104,55.51,22.57,88.81,73.15,47.38,54.07,37.9,60.83,112.24,79,24.05,47.6,86.11,59.46,44.21,80.84,53.86,70.75,93.29,74.02,54.58,26.49,95.3,56.7,106.11,42.97,85.55,55.39,91.46,63.39,51.46,66.79,67.05,21.77,55.19,68.82,55.75,32.94,56.49,94.91,108.57,91.86,36.47,100.39,76.79,53.01,71.85,33.67,46.03,30.03,67.46,66.59,33.72,63.32,51.94,79.49,74.53,52.03,95.48,50.96,54.04,86.03,44.69,63.21,95.23,78.74,74.29,52.17,40.11,69.17,37.45,40.85,29.58,49.71,27.62,61.96,89.26,93.06,90.07,89.53,59.66,58.66,79.69,69.06,41.47,19.76,50.39,47.4,48.28,81.77,18.45,86.98,64.79,102.58,58.23,95.67,104.24,77.24,25.43,65.79,37.96,30.18,34.8,31.93,50.15,52.22,104.19,28.91,61.16,68.16,35.2,79.47,108.9,22.88,67.58,105.46,56.49,32.65,55.76,33.65,63.65,69.24,73.03,38.26,24.99,31.26,37.4,73.58,49.14,98.06,57.21,119.85,122.23,68.17,38.61,49.68,110.15,66.02,67.75,68.27,53.21,96.04,84.17,97.13,72.18,86.74,129.95,90.91,64.08,79.1,101.44,45.89,95.87,54.65,75.78,41.04,56.37,106.17,84,60.07,54.66,83.11,63.33,74.75,103.62,64.37,40.71,106.53,84.4,91.44,60.46,76.64,72.12,71.27,77.09,57.34,94.92,20.43,28.45,52.34,46.61,37.5,22.51,101.35,28.84,36.82,77.57,42.26,58.24,103.19,28.97,43.21,55.11,49.88,79.15,120.88,90.69,59.94,48.71,42.25,87.2,69.76,122.33
37.95,56.24,46.16,52.17,31.03,48.04,82.23,86.14,133.54,22.99,24.79,22.41,48.16,36.45,106.87,121.33,69.74,87.85,79.4,83.69,67,98.33,31.36,42.75,89.2,42.53,93.46,30.24,79.17,86.84,78.1,37.65,74.46,67.12,99.58,36.59,71.65,66.94,69.18,70.18,76.04,77.5,44.8,46.7,74.98,24.04,108.32,65.81,32.72,51.67,127.11,46.53,34.06,44.22,75.74,55.4,31.62,43.29,87.81,71.22,89.64,92.84,25.85,104.93,84.19,47.9,83.59,106.03,86.56,65.95,109.12,59.63,91.19,82.16,21.54,27.77,52.18,69.85,102.63,40.45,27.58,42.92,51.16,39.72,65.19,64.8,85.3,106.12,30.73,38.86,33.36,96.78,20.94,58.43,34.3,73.94,28.53,39.17,44.92,25.04,113.75,94.78,104.17,28.04,27.05,91.87,61,75.17,92.05,105.17,78.58,39.54,88.8,23.41,51.94,87.6,58.57,40.4,40.48,93.43,59.46,39.25,64.89,48.94,44.42,44.86,56.35,45.08,78.66,89.37,60.9,94.6,21.24,72.52,26.35,57.76,49.72,110.26,103.02,96.24,66.98,86.78,64,54.07,73.93,86.74,31.27,24.67,67.57,47.93,94.13,59.27,92.64,91.85,93.86,52.86,85.01,87.48,35.07,50.04,76.59,66.89,45.43,86.01,65.09,27.67,50.55,108.21,96.17,73.13,48.5,84.07,22.74,26.84,26.42,83.45,53.58,113.43,78.93,102.01,104.39,85.92,97,83.52,92.45,60.25,54.76,36.49,35.62,38.86,87.93,66.14,86.44,29.49,93.77,69.81,118.43,60.27,24.85,119.14,58.29,42.55,50.76,40.93,68.53,105.18,75.17,31.74,71.25,89.7,62.85,50.09,80.8,46.32,72.53,80.1,70.91,62.83,34.99,103.34,79.14,106.7,46.36,79.34,40.04,94.83,70.89,56.79,79.74,87.23,19.67,66.67,63.77,63.03,38.61,58.65,88.34,98.99,72.77,29.71,102.54,60.2,62.53,75.97,35.12,50.93,28.65,66.03,90.86,31.08,68,64.41,78.62,85.87,56.19,106.13,49.6,56.66,107.37,64.64,50.6,102.51,79.07,117.04,54.33,28.02,62.51,32.93,50.06,30.53,71.09,24.88,71.61,71.64,87.13,108.62,79.89,44.4,52.38,69.27,80.15,44.52,19.69,47.03,50.45,43.34,65.89,21.94,81.53,65.07,81.6,85.65,73.09,103.7,74.92,35.71,60.62,42.64,27.19,42.13,32.63,52.47,57.94,96.5,33.96,62.98,79.48,42.63,107.73,100.07,25.67,62.06,96.92,51.29,30.08,67.14,39.1,56.9,92.23,95.3,34.68,25.27,32.8,42.17,57.61,68.7,116.91,56.6,84.19,103.33,96.4,34.27,50.37,125.17,44.02,54.44,77.87,46.71,111.59,73.16,107.31,88.57,112.95,105.97,73.21,62.63,62.02,134.45,42.4,87.68,57.94,68.53,35.15,83.15,83.29,68.16,53.03,55.77,88.74,63.66,101.25,104.81,68.81,51.03,96.61,82.7,129.76,71.67,65.93,55.02,67.18,87.73,60.21,96.05,28.66,22.12,59.68,60.98,36.5,21.87,88.38,27.54,51.21,88.16,39.3,61.59,87.02,26.14,48.16,62.65,45.93,86.81,96.48,108.95,47.39,46.87,34.28,94.44,60.62,102.42
31.1,58.7,46.03,48.03,26.59,46.07,71.88,76.66,128.17,25.63,33.54,23.38,53.26,37.97,92.47,107.37,53.4,91.22,75.28,56.93,54.82,91.61,32.83,34.29,70.03,40.82,72.6,27.98,83.68,76.9,78.23,29.13,68.39,75.56,85.11,37.68,65.42,48.19,66.24,77.63,66.59,82.36,36.42,42.31,58.9,23.73,83.37,67.58,36.31,52.24,108.08,43.77,42.52,47.96,77.39,53.31,40.04,31.65,86.37,68.41,90.18,105.49,28.41,99.73,63.93,33.86,65.92,82.19,58.29,60.44,107.7,44.36,79.74,76.65,21.54,34.38,55.13,66.13,84.71,35.23,23.25,43.62,62.03,40.11,64.79,71.22,90.9,115.18,23.14,33.21,40,93.48,22.52,81.32,34.36,87.51,32.62,32.55,37.2,17.66,118.42,112.11,97.09,20.37,26.21,87.56,75.42,74.18,83.12,90.71,104.95,37.81,64,27.53,44.07,118.18,55.07,38.89,36.44,111.4,48.27,41.85,82.3,47.88,39.06,45.52,56.04,34.72,101.08,87.94,54.33,100.64,27.37,82.57,34.38,56.17,48.3,73.65,85.41,75.04,63.61,85.66,85.97,56.09,73.57,61,25.76,32.33,61.94,58.64,92.76,60.75,103.88,90.35,82.92,54.01,113.49,67.62,41.43,51.86,55.04,62.56,60.44,92.58,76.28,20.09,57.15,109.47,107.14,74.46,41.52,111.08,18.51,37.42,35.71,97.85,58.08,95.37,56.77,107.19,97.04,95.96,110.21,97.07,69.65,53.18,56.62,38.73,36.01,43.45,90.99,67.67,98.83,24.63,104.55,55.58,102.66,72.7,27.24,81.36,58.06,48.28,43.02,50.34,58.68,100.38,80.78,21.24,52.51,84.04,51.72,38.77,72.71,44.88,78.99,99.77,67.51,67.16,32.89,86.89,67.8,118.99,47.19,102.56,44.57,85.52,53.05,55.39,69.3,74.31,21.47,57.46,49.07,62.61,32.79,52.38,88.09,99.31,74.25,30.55,88.36,59.69,48.02,84.74,31.02,43.57,24.74,63.07,85.53,21.2,62.6,58.56,80.89,67.88,46.13,78.39,38.28,80.26,66.69,51,43.47,80.29,74.46,99.02,45.22,30.96,79.97,26.62,38.35,32.2,63.55,24.87,69.28,73.32,81.67,95.09,95.61,46.79,54.18,65.06,70.49,44.16,26.92,40.9,49.21,35.88,82.18,22.07,74.9,60.45,104.37,77.14,87.21,96.27,92.22,24.96,66.19,53.18,19.7,37.48,24.54,41.89,41.38,92.67,36.28,74.17,82.18,35.04,86.85,83.07,18.83,63.69,91.82,57.44,32.71,47.8,33.13,64.7,80.38,86.84,51.86,21.38,38.15,31.66,66.99,53.37,107.95,53.78,118.22,115.72,78.58,31.33,42.23,102.15,51.38,54.18,52.15,41.33,80.32,61.85,79.19,74.51,76.25,108.08,94.09,68.5,74.77,100.56,41.53,83.1,56.78,60.04,45.91,72.06,93.11,66.99,57.9,46.56,72.16,61.28,89.97,92.36,54.21,40.77,94.92,79.63,108.07,71.5,79.24,58.71,55.11,82.76,66.91,101.93,25.99,30.85,45.87,55.41,35.66,23,103.01,25.76,40.68,85.74,39.2,70.03,89.2,26.75,37.69,53.42,36.09,88.02,93.75,93.46,48.52,42.78,38.66,87.28,57.6,94.25
32.76,48.44,48.55,48.48,32.2,39.57,88.41,73.38,128.67,20.21,31.75,18.43,52.96,30.15,80.89,98.06,62.14,93.88,108.35,64.76,72.43,87.44,39.44,45.17,80.84,44.78,92.42,24.66,72.94,92.05,89.41,36.34,74.51,64.3,113.34,35.06,84.71,63.44,81.43,94.27,68.59,75.01,36.62,47.57,60.78,29.73,103.14,87.86,42.12,71.64,102.17,61.04,45.13,56.95,65.24,60.14,47.17,47.03,98.77,96.22,89.46,116.72,32.46,130.88,63.15,40.71,73.42,117.22,76.39,52.31,90.1,58.73,89.3,74.37,26.53,27.88,49.22,65.56,93.83,40.46,28.54,43.13,71.36,36.37,60.85,52.29,73.93,90.05,26.3,52.63,28.62,73.49,21.88,81.24,27.51,62.72,28.86,49.13,47.58,18.66,126.27,85.11,104.76,22.51,26.62,102.4,54.06,86.26,89.45,75.97,96.46,48.18,92.95,25.33,49.88,105.74,68.99,40.49,33.09,97.73,61.34,34.64,75.15,54.23,35.41,38.15,59.25,34.4,98.72,128.44,51.36,110.66,26.41,88.5,27.62,54.24,64.7,91.22,99.15,91.23,74.06,84.44,54.25,63.05,62.43,76.39,27.3,31.92,46.96,61.49,124.57,59.78,98.51,72.79,110.81,55.54,92.95,87.43,44.57,51.42,74.2,68.09,62.67,100.66,69.38,26.55,61.69,111.82,100.81,68.85,33.38,89.97,28.26,29.54,37.11,95.38,60.15,74.84,77.19,112.32,71.17,120.06,97.21,103.15,108.57,45.53,55.88,35.26,42.36,50.29,96.71,66.66,75.39,25.15,101.03,65.6,125.04,54.24,21.11,125.83,80.75,44.97,44.35,61.02,45.59,137.22,87.63,22.76,55.42,102.86,56.15,39.65,66.45,48.07,59.47,82.35,73.65,49.77,30.3,67.78,53.54,95.7,50.69,116.28,62.84,76.71,51.43,55.81,75.01,74.92,26.21,65.1,61.93,70.64,32.38,70.47,108.02,109.18,75.16,37.05,107.82,85.07,49.06,64.43,30.49,37.7,25.16,81.01,73.23,23.83,79.88,59.68,74.76,91.42,41.28,117.74,47.66,72.41,72.82,59.49,56.62,109.72,61.65,106.57,55.98,41.59,56.73,28.17,41.89,30.11,60.57,20.24,66.32,78.08,90.42,84.31,103.66,39.65,65.82,68.31,85.45,42.25,27.31,51.55,69.55,31.02,99.99,24.46,81.23,82.61,89.09,58.27,68.55,105.15,98.02,32.34,72.91,52.56,22.85,34.99,24.82,61.56,59.76,91.1,36.02,72.95,71.66,34.34,85.74,99.16,25.1,72.57,86.13,44.04,32.77,49.23,29.58,66.91,76.99,98.92,45.63,19.46,42.77,33.25,65.97,60.78,99.14,48.57,100.19,87.31,72.15,43.34,55.11,110.49,71.86,52.14,75.72,47.84,119.47,80.79,105.73,105.51,88.39,100.83,119.36,65.86,69.56,98.51,32.32,88,62.83,64.8,42.33,62.11,90.06,70.18,63.87,46.68,83.01,62.08,98.13,111.77,80.91,47.25,83.05,73.07,128.92,75.59,81.59,75.65,58.84,79.16,50.62,118.82,27.93,23.43,47.91,59.5,33.16,28.41,104.69,35.76,32.36,100.48,35.59,72.32,105.96,27.06,31.84,49.4,38.82,71.08,107.01,87.63,61.03,39.37,42.63,109.74,55.24,113.69
40.65,59.34,42.73,53.15,36.47,47.5,80.65,67.47,125.7,24.73,27.31,19.25,51.55,31.78,73.42,106.06,54.91,74.3,76.13,69.64,49.46,75.24,31.22,44.57,62.87,36.69,98.81,28.29,83.18,84.45,71.51,25.21,77.95,67.84,94.91,34.65,70.91,56.6,65.3,68.16,77.49,83.96,34.01,41.81,69.16,28.4,72.58,73.88,25.99,62.62,79.65,46.22,38.26,50.2,78.49,50.85,34.64,36.31,93.18,63.7,76.81,98.6,32.78,84.76,81.46,41.72,72.32,107.8,61.79,60.12,101.54,61.64,87.19,57.28,20.01,39.96,51.87,66.74,93.3,40.2,24.26,37.49,68.78,33.65,47.82,56.23,69.01,111.01,28.21,44.59,38.75,94.84,18.86,68.82,35.52,60.05,30.43,40.74,46.28,25.34,120.77,105.32,90.98,22.61,31.62,94.82,77.3,63.92,88.95,86.01,74.29,36.46,72.53,26.2,49.95,107.54,68.76,36.97,39.13,78.38,41.96,37.48,69.9,46.24,31.69,41.85,56.03,40.84,107.69,100.23,61.25,80.25,27.28,64.97,29.13,40.29,67.5,77.66,74.64,87.66,69.44,107.45,61.23,57.98,61.44,65.23,23.18,28.84,63.95,47.06,92.27,62.5,82.4,98.39,85.7,58.85,95.08,79.02,35.98,54.9,61.28,70.18,49.05,89.66,78.22,27.12,58.55,98.79,101.03,85.13,43.81,108.11,20.03,25.25,23.5,97.21,60.65,84.21,80.02,96.18,69.71,90.33,101.87,77.03,80.64,43.93,50.24,29.07,39.63,41.19,98.36,61.68,73.24,26.63,91.97,65.04,103.53,68.81,26.28,91.29,71.04,43.59,51.08,55.46,54.96,88.63,86.85,32.54,56.55,98.34,65.42,54.04,81.89,42.92,77.99,83.34,74.02,55.02,34.91,72.09,68.45,83.13,39.86,116.13,54.78,77.27,71.11,57.26,66.09,95.88,26.65,63.18,54.87,49.62,33.98,64.85,101.96,106.16,71.79,36.02,101.33,79.82,50.44,67.19,26.1,43.77,30.81,69.57,64.66,28.16,76.96,63.27,73.88,92.58,39.28,101.26,45.54,63.19,81.69,51.25,44.3,81.14,70.14,73.43,51.99,28.78,67.02,30.35,44.8,26.29,63.01,27.71,69.9,89.29,73.73,103.9,103.57,55.66,59.94,55.25,58.84,31.93,26.77,35.81,63.87,48.61,75.22,26.84,70.2,65.25,95.81,66.93,73.37,97.08,71.59,27,71.12,48.38,27.39,38.38,30.71,53.67,49.47,76,29.12,76.56,79.37,25.7,73.8,117.76,23.37,69.54,73.26,52.81,23.94,71.15,30.66,75.64,85.42,93.61,48.45,18.75,29.78,35.65,53.81,61.92,98.53,56.08,100.28,85.03,82.56,35.94,35.36,76.66,53.61,76.8,64.62,54,96.23,79.86,96.79,70.18,111.63,126.69,102.69,65.74,67.77,82.95,38.42,106.05,65.44,67.86,46.38,67.9,100.93,73.14,48.09,41.2,73.27,53.46,73.81,88.04,77.72,38.77,83.89,88.89,101.39,62.09,59.9,55.96,51.48,76.66,54.53,106.29,23.98,24.62,64.66,47.68,34.17,24.66,74.93,25.31,36.63,70.79,27.41,61.85,92.78,28.26,33.93,43.78,34.55,71.04,116.33,97.77,47.68,37.92,40.76,90.03,52.2,106.89
33.95,65.07,61.47,42,30.77,33.94,78.92,74.94,125.9,24.79,23.52,27.76,65.88,46.22,107.41,107.15,56.65,94.04,84.11,70.6,78.6,95.65,34.56,51.81,99.55,54.53,83.43,32.42,73.61,88.88,61.19,33.98,68.4,76.76,93.96,48.02,71.41,62.55,77.82,87.69,73.62,91.82,35.92,47.24,82.11,27.76,97.17,92.79,26.39,66.99,105.9,51.01,35.77,50.46,65.63,68.83,37.29,41.46,88.43,90.65,112.86,92.55,27.17,95.68,76.54,44.35,56.22,112.29,80.8,71.78,90.32,62.67,93.12,66.83,32.12,42.13,58.27,71.67,98.16,35.34,26.6,48.71,59.99,40.61,68.71,75.13,87.37,127.71,32.61,35.3,30.69,72.76,26.74,70,31.76,63.77,28.96,39.06,44.81,24.08,115.84,107.02,76.08,28.58,23.02,79.93,69.6,79.43,95.44,75.36,81.95,55,77.23,25.56,47.93,105.31,76.48,30.76,31.48,91.1,58.24,36.64,79.56,56.24,37.95,49.88,54.14,31.09,93.56,88.57,64.3,92.78,18.77,73.12,32.58,55.52,52.97,82.77,84.49,103.49,86.31,120.73,95.89,62.37,84.79,60.35,37.03,33.84,65.83,58.47,84.48,56.13,99.55,91.37,74.84,63.04,112.62,101.67,53,44.1,70.59,68.6,48.15,92.94,94.03,24.16,51.85,110.51,95.3,98.73,43.61,111.16,20.58,32.48,27.72,78.12,43.07,85.48,56.63,104.09,96.83,106.92,92.51,124.03,78.37,59.44,57.9,33.83,38.82,52.25,102.75,75.76,90.79,25.92,82.33,59.41,119.77,56.61,27.67,122.05,78.92,54.39,54.93,41.95,49.67,93.27,70.55,23.08,70.74,80.01,42.87,43.68,85.03,49.17,91.15,87.08,87.53,71.94,29.18,96.6,57.99,115.34,60.74,119.26,60.25,87.63,53.45,39.95,77.28,105.7,28.35,49.7,59.41,48.29,36.4,66.48,85.07,121.26,83.81,31.46,130.45,59.06,68.97,75.22,36.44,36.43,29.24,55.06,95.13,25.02,62.19,50.46,86.84,68,47.88,91.11,50.7,65.17,99.88,65.67,49.57,98.67,73.17,92.04,43.41,27.26,60.61,32.36,47.13,32.12,70.72,26.42,77.1,83.51,106.54,124.41,119.24,43.13,64.06,71.87,89.96,42.34,26.4,46.42,66.17,38.33,81.93,21.6,62.27,91.33,119.96,60.45,79.76,106.93,94.24,32.7,57.05,43.11,22.57,34.93,28.97,65.1,58.03,85.49,37.38,70.95,72.41,27.41,89.44,105.15,24.78,62.78,86.43,43.01,28.73,51.54,32.07,67.89,66.36,79.94,42.41,21.6,39.36,34.78,58.15,56.19,89.21,60.4,113.81,95.35,66.46,33.94,49.76,91.48,55.19,57.27,66.15,57.16,93.35,63.17,100.69,80.08,98.23,108.55,83.86,75.25,79.59,114.91,32.66,96.23,48.05,86.73,33.5,60.13,90.09,70.47,61.3,58,87.26,54.43,101.07,92.21,88.98,36.91,81.37,95.96,103.47,64.47,79.17,65.84,69.1,91.24,70.16,96.38,19.75,31.93,63.45,61.99,36.06,20.19,98.47,35.93,39.24,98.74,37.33,78.14,89.7,29.31,41.03,54.28,39.58,89.16,123.8,114.06,54.72,44.73,38.09,91.75,66,101.69
39.52,52.47,45.04,37.4,35.45,50.45,76.2,81.26,112.68,30.14,24.59,18.69,56.35,34.54,79.21,86.15,52.36,86.89,82.99,72.49,64.63,85.81,30.44,48.16,82.79,38.81,107.44,25.45,67.52,72.59,75.26,38.24,64.1,62.44,81.91,50.15,58.67,47.48,98.37,76.58,79.53,80.25,31.28,50.46,75.96,23.29,105.41,68.11,35.23,63.72,84.93,53.7,44.05,53.06,85.89,57.06,36.03,35.49,94.26,89.84,88.46,77.67,27.65,111.94,78.14,51.56,76.94,117.07,60.79,68.36,105.39,46.36,82.96,65.33,26.33,27.46,65.53,66.04,81,35.07,25.83,46.88,57.72,37.33,49.79,61.25,81.8,88.72,27.63,32.27,38.58,92.94,21.55,57.28,27.39,84.22,27.96,45.74,42.77,24.52,119.01,106.47,98.59,26.18,25.38,91.81,63.88,61.53,79.54,88.34,94.26,40.54,83.29,20.43,44.62,91.4,57.92,37.25,34.17,95.08,50.74,42.82,86.76,47.74,38.37,37.95,44.78,35.6,99.2,115.21,55.25,102.58,26.05,76.88,30.44,41.3,60.41,73.42,83.65,111.23,82.96,80.42,68.04,68.04,70.07,56.11,32.18,30.05,58.41,54.71,94.84,59.5,73.93,77.48,76.27,56.75,111.61,87.87,45.77,53.61,51.06,78.07,60.98,93.72,66.28,23.09,52.86,91.96,83.26,83.08,34.97,90.21,26.67,28.99,34.02,66.55,61.4,82.11,62.89,98.86,105.69,100.81,112.14,101.35,92.47,48.42,57.03,34.81,36.2,49.14,92.14,67.11,73.04,22.59,74.45,62.37,110.96,66.72,26.51,110.46,72.83,41.74,48.02,44.47,51.02,105.2,81.82,26.52,65.91,86.37,61.61,47.49,77.33,42.8,85.76,85.94,70.04,49.91,31.67,90.47,54.5,105.56,45.27,113.2,43.01,72.56,47.72,63.38,65.64,83.56,25.63,71.4,50.54,66.69,29.1,46.48,80.42,100.3,65.03,32.31,89.27,60.28,63.67,82,27.76,44.29,22.69,59.72,74.93,23.81,65.52,65.81,84.24,77.81,51.68,109.32,50.16,70.17,83.4,43.78,46.84,86.08,66.85,81.77,59.09,30.57,56.42,36.33,47.77,33.18,58.52,27.75,57.07,77.38,64.51,88.38,99.54,46.37,51.26,54.49,85.96,41.7,26.09,50.48,50.4,47.97,64.22,20.62,60.97,72.83,96.58,64.41,83.93,90.42,64.57,27.82,63.75,44.99,29.21,34.41,24.22,48.48,42.37,94.98,35.93,78.6,90.01,36.65,90.64,90.08,22.5,75.73,78.12,50.22,33.79,49.63,33.9,83.72,86.58,90.52,41.57,22.59,34.45,28.77,56.04,50.97,115.52,62.19,111.82,126.38,69.02,36.97,35.03,73.74,59.93,64.29,52.72,57.59,96.12,81.57,107.37,82.15,118.27,124.51,100.85,46.94,66.76,110.16,28.08,81.96,50.53,78.19,38.54,68.64,89.62,63.63,40.12,54.11,76,44.87,70.74,97.11,70.08,51.15,100.96,67.95,122.64,64.8,65.86,68.09,66.17,62.58,54.74,90.16,21.94,26.77,56.74,65.16,31.01,21.75,73.93,29.05,35.61,98.9,37.41,72.09,97.63,25,34.74,41.55,47.74,87.71,116.36,82.91,54.72,42.59,30.17,110.61,68.57,108.96
33.48,54.52,44,51.47,36.34,53.19,76.8,65.23,114.61,20.87,30.36,24.16,47.13,37.1,90.75,96.81,65.98,78.32,82.36,62.15,64.58,94.91,40.22,43.62,61.93,53.44,83.08,22.76,66.38,65.11,74.06,25.94,63.77,70.51,89.24,47.34,78.56,68.01,90.39,93.34,60.67,66.45,42.87,50.46,76.12,25.51,85.31,73.61,31.38,59.62,95.15,56.09,38.67,45.26,71.13,51.39,30.39,32.47,85.65,65.42,106.07,100.19,30.09,81.08,62.1,42.42,65.89,108.42,66.81,64.72,105.24,46.61,110.18,64.9,27.55,32.06,56.04,76.48,69.29,37.78,19.25,39.19,53.98,30.87,52.67,47.22,74.58,91.36,26.32,35.11,34.7,69.78,29.16,60.84,30.74,80.52,28.76,34.13,47.7,21.43,96.98,102.19,84.71,26.35,25.28,109.18,64,64.27,89.69,81.05,94.47,36.01,81.9,22.96,43.03,77.73,63.99,38.72,29.17,104.7,49.53,40.47,72.52,44.61,37.17,40.44,41.89,38.79,85.56,98.71,51.24,105.59,29.77,67.77,35.97,57.85,65.96,72.51,104.87,110.42,87.8,104.41,82.95,72.2,60.59,66.29,31.29,26.06,60.42,47.12,75.53,71.68,97.25,85.42,79.23,55.25,79.85,85.96,44.95,52.2,51.29,80.41,52.6,67.31,81.27,19.28,44.57,115.48,85.08,76.96,33.37,106.43,19.79,31.11,29.66,73.52,45.95,85.12,67.22,89.74,96.94,93.18,115.39,86.95,105.22,60.45,49.56,30.77,31.08,39.51,80.12,63.48,96.75,32.2,87.39,63.32,106.67,54.68,17.41,109.77,52.71,53.08,43.91,49.92,57.19,91.7,87.42,22.89,47.65,95.08,54.15,46.01,85.68,40.17,59.97,81.99,70.52,67.8,31.36,86.76,61.04,85.31,52.91,90.24,55.08,63.39,59.9,60.75,60.12,94.1,30.76,50.76,48.57,58.16,26.51,51.29,114.19,102.02,79.39,42.03,86.65,74.6,53.25,86.92,32.53,44.2,25,73.59,77.01,30.28,71.11,53.34,72.45,66.32,51.98,95.54,51.05,68.22,67.24,42.98,46.15,102.9,72.97,80.22,41.87,34.2,63.14,34.78,35.24,27.11,69.14,29.95,69.55,91.61,93.86,89.52,108.86,52.82,56.32,80.44,64.21,40.72,20.26,43.91,59.97,37.06,77.86,18.28,65.62,70.19,105.05,60.61,93.7,101.41,88.76,22.46,64.35,55.57,20.93,33.86,29.67,51.53,44.12,76.64,27.29,56.95,88,37.41,89.75,93.07,24.85,60.92,94.46,60.24,32.99,71.71,27.44,68.14,85.75,93.44,36.24,24.07,36.35,38.67,49.07,57.52,85.97,57.22,88.24,126.24,66.31,30.26,38.02,98.8,54.93,73.2,66.4,50.09,111.91,75.12,87.53,69.76,119.49,101.53,75.79,67.28,55.65,119.6,33.85,81.6,60.57,75.77,45.76,64.61,78.16,72.73,58.44,46.48,73.84,53.93,76.91,86.88,56.17,50.2,75.9,84.99,103.43,73.37,64.38,69.53,48.01,82.96,60.31,102.9,23.27,23.25,58.69,51.58,31.82,19.9,96.07,25.93,44.68,93.89,32.04,70.67,85.67,25.1,40.25,60.2,38.05,82.82,125.15,109.5,55.94,34.96,37.63,91.44,62.65,111.95
30.87,39.56,47.19,42.62,33.36,48.39,63.92,72.02,109.09,28.87,22.44,18.49,44.45,30.14,98.86,114.51,55.44,75.62,96.59,70.27,53.11,80.7,42.62,40.69,86.41,48.34,78.14,23.38,79.76,94.48,91.77,31.04,71.54,63.24,94.11,47.19,81.46,58.76,101.53,91.26,84.66,67.35,36.57,44.67,62.89,20.9,90.34,61.84,26.54,47.08,101.47,57.09,48.9,54.14,62.92,68.24,31.01,42.05,101.91,74.43,79.72,100.9,32.33,112.8,86,35.84,73.02,100.04,76.93,56.05,85.65,47.83,100.48,81.26,26.05,27.79,45.62,64.08,90.88,39.39,18.02,50.72,53.47,33.84,62.62,67.64,61.97,83.71,30.28,40.72,34.96,91.55,23.39,71.58,35.76,60.47,26.82,47.33,41.96,25.23,84.56,101.1,68.77,25.72,23.74,108.7,79.86,72.26,112.86,85.11,107.98,45.31,72.92,20.67,33.09,113.59,57.46,38.13,37.88,87.77,41.74,46.02,65.98,48.14,37.15,45.14,51.97,31.48,110.44,95.65,51.98,88.43,25.51,68.16,31.66,53.14,52.35,86.07,72.76,100.87,69.46,86.71,60.28,64.86,50.37,70.65,23.23,29.69,54.25,55.07,95.92,74.5,77.77,97.22,92.19,67.12,83.14,88.2,40.84,44.93,67.12,66.16,43.56,80.74,65.42,26.09,41.77,91.79,82.96,66.91,46.51,82.84,24.62,28.74,27.19,69.57,51.71,74.52,65.17,71.8,85.57,90.61,106.68,84.8,79.16,55.44,51.42,36.18,32.68,45.62,116.3,70.95,98.56,32.15,106.59,57.94,106.22,51.78,19.35,87.85,63.53,42.31,51,53.17,54.42,107.68,79.5,22.31,62.92,74.44,52.21,55.5,63.58,44.01,78.17,90.48,90.68,65.24,25.17,74.52,47.35,107.07,43.6,113.16,50.05,82.95,65.5,48.68,61.3,69.02,30.43,60.92,55.19,54.18,31.21,65.59,93.42,88.04,76.07,31.38,89.16,81.46,64.08,60.95,26.7,45.12,30.27,63.57,58.6,25.47,73.28,66.5,64.95,80.51,46.06,104.65,36.59,67.58,65.06,49.97,43.4,101.28,75.45,87.87,44.32,35.96,63.86,27.74,40.43,27,46.89,27.17,59.11,95.73,75.38,89.32,82.51,43.32,49.99,72.53,84.61,41.9,23.3,49.93,60.34,33.38,77.99,20.28,67.24,58.73,93.72,58.96,84.21,87.24,87.48,32.56,51.43,37.1,21.63,31.75,28.65,51.51,58.82,97.42,33.19,79.7,67.97,36.77,84.98,83.09,24.01,73.41,107.99,47.13,25.39,54.48,25.17,59.66,80.53,67.65,45.63,25.11,41.41,36.47,53.18,54.37,85.07,48.32,105.54,82.71,68.15,32.94,48.09,79.4,47.61,70.21,74.3,44.93,94.34,62.83,98.74,79.51,97.83,111.63,105.71,51.9,71.86,113.12,39.28,102.89,50.15,61.36,34.48,58.18,88.3,65.78,39.68,40.78,73.69,53.08,86.56,87.35,59.82,46.82,88.35,67.6,118.95,75.47,72.15,57.42,53.22,62.23,53.68,94.38,19.79,21.75,54.09,50.02,39.87,24.47,90.39,33.08,44.66,73.43,34.5,54.22,77.18,23.96,46.93,42.08,42.45,102.78,79.05,85.49,53.02,41.28,32.42,97.38,55.17,108.5
37.77,61.68,60.49,53.05,24.39,39.6,79.35,72,111.02,28.56,33.44,23.52,50.05,47.21,83.64,108.54,74.4,80.83,90.85,52.54,65.36,77.22,30.36,37.23,85.82,40.71,89.61,26.7,91.36,81.21,87.04,32.02,89.35,73.49,83.67,37.37,82.89,54.28,105.58,102.79,67.44,71.67,28.69,41.1,69.53,24.3,88.8,88.27,29.05,50.23,103.18,50.79,48.38,58.25,76.02,60.29,35.52,34.17,91.28,84.67,76.55,92.99,28.24,93.69,75.54,52.58,69.96,113.19,60.58,63.98,130.64,62.99,78.53,68.02,26.6,37.63,47.5,85.33,98.08,30.45,21.23,40.12,58.26,36.43,49.6,56.19,61.31,120.53,31.7,37.88,28.19,105.1,22.27,60.23,31.36,93.71,31.75,44.06,42.51,18.01,111.47,98.44,86.53,22.52,29.97,111.38,76.7,71.46,78.75,90.23,87.22,46.74,95.65,21.43,35.11,116.01,59.55,30.34,40.22,108.68,38.99,38.54,84.34,53.37,40.02,53.22,44.88,32.51,82.08,80.22,55.83,87.13,26.04,81.82,32.1,51.3,56.67,88.95,89.46,113.25,88.94,92.66,78.35,51.74,57.3,77.27,24.52,29.12,50.09,57.46,90.33,71.95,104.48,92.89,106.63,62.2,105.76,84.84,43.89,48.48,51.85,75.23,48.85,100.17,76.77,20.74,47.54,95.04,100.8,72.45,34.66,91.44,25.45,38.97,28.92,93.74,51.67,72.63,55.3,102.15,101.52,102.1,121.43,78.12,101.4,63.11,56.41,31.67,47.43,43.06,107.67,57.3,92.06,34.39,82.71,44.61,93.62,67.26,26.94,125.79,52.29,51.79,43.01,48.73,53.86,105.59,75.91,22.81,68.57,62.03,48.29,53.03,94.25,42.61,77.06,95.63,84.68,72.65,36.32,80.44,53.95,115.93,38.58,103.07,55.7,76.21,65.5,61.25,75.72,84.04,33.01,65.04,52.24,56.67,34.71,54.03,98.03,121.78,77.56,32.52,89.83,60.03,56.9,84.77,30.46,37.24,28.45,61.58,73.73,31.17,76.81,51.55,81.96,78.94,44.32,93.7,42.7,63.08,76.08,66.45,57.01,82.49,88.05,102.21,49.99,34.76,71.45,27.87,42.89,30.52,65.99,34.35,63.51,83.17,80.85,105.79,112.43,50.66,47.32,74.23,67.89,44.42,27.79,52.69,49.53,36.27,72.09,25.28,84.02,69.4,108.93,70.81,101.54,114.06,70.92,32.6,77.46,49.16,23.74,35.36,22.82,59.4,58.94,111.76,24.65,77.88,97.67,38.25,101.72,96.36,26.5,72.62,90.01,65.22,35.26,49.47,38.92,73.18,83.3,84.34,48.59,24.59,42.73,34.57,76.61,69.74,104.91,61.74,89.46,117.45,73.36,37.26,42.18,84.85,56.97,84.09,63.02,55.2,93.89,65.44,103.22,76.44,96.11,120.08,87.51,61.05,80.21,121.93,28.37,102.38,58.74,83.64,40.18,84.04,100.6,75.96,51.06,45.12,64.08,59.85,89.93,116.22,74.76,45.6,89.66,84.83,114.83,60.45,83.63,55.58,55.66,72.17,57.75,98.89,29.86,29.14,58.97,58.92,39.52,18,71.11,25.88,43.68,99.75,36.72,78.53,114.74,30.79,42.47,64.9,44.43,99.57,102.38,103.92,46.73,39.78,41.42,108.37,58.32,97.53
41.88,56.7,53.77,53.32,32.35,48.8,60.09,64.73,100.89,23.68,26.23,22.94,63.07,38.94,81.08,119.04,65.42,63.58,106.6,58,57.01,97.19,33.16,50.97,82.39,49.15,84.22,20.74,67.04,87.04,79.82,31.45,60.12,63.38,116.78,39.81,73.64,61.08,70.73,92.75,64.69,64.5,44.33,38.48,62.14,27.2,94.09,79.02,32.61,57.44,88.72,55.54,41.69,52.59,76.4,57.01,29.89,35.28,91.41,73.29,77.11,82.65,24.7,96.44,76.05,45.26,59.41,83.32,79.75,50,110.24,50.35,100.34,65.97,23.11,27.99,57.24,77.93,73.64,30.3,26.74,33.93,69.17,34.14,68.63,48.9,65.05,95.55,35,38.26,40.64,74.25,25.15,72.34,32.43,70.04,34.37,41.48,41.73,22.13,110.52,102.19,83.74,27.72,22.37,82.5,61.61,58.45,77.26,68,83.78,41.26,77.27,23.4,39.06,85.28,59.86,36.22,33.47,102.84,55.3,31.68,57.8,37.94,34.92,49.44,41.6,31.7,101.97,80.15,55.38,89.35,29.47,81.08,30.36,57.06,56.69,103.12,80.47,106.19,81.9,90.59,59.02,52.05,54.88,58.08,28.11,24.82,58.87,56.84,92.81,63.39,94.53,75.95,81.32,52.68,109.16,80.38,33.42,48.21,47.22,55.38,48.26,70.14,71.2,20.1,57.03,99.29,109.95,69.04,43.76,113.4,23.03,34.18,29.66,97.32,58.72,85.77,64.12,97.38,89.28,111.13,105.18,79.83,72.72,58.49,59.36,33.33,33.4,38.35,114.32,60.83,68.64,30.62,104.6,53.31,89.13,73.43,21.99,112.72,71.58,51.32,51.2,51.05,50.81,84.67,70.44,25.69,59.48,83.54,45.15,39.62,77.06,39.72,76.12,103.3,85.61,69.41,33.1,71.98,54.06,78.2,52.28,99.73,48.76,95.34,49.36,54.59,71.56,104.16,21.86,71.79,65.4,71.13,34.39,56.52,117.19,92.58,60.75,32.65,90.41,61.2,57.94,76.53,26.03,53.78,31.28,56.73,56.31,27.06,68.08,66.71,74.32,92.1,41.21,94.13,39.9,75.99,89.92,51.14,53.87,86.55,65.06,73.41,45.36,26.42,64.69,35.63,35.03,26.99,48.24,21.44,58.12,62.37,66.86,97.17,103.62,51.49,48.99,62.48,83.19,37.69,24.3,51.12,58.85,44.25,59.28,18.05,75.34,73.17,80.01,61.06,80.73,91.19,88.45,28.28,75.26,45.02,24,36.78,30.03,59.26,45.28,83.11,28.59,70.86,75.76,33.25,95.97,104.69,20.39,65.73,97.9,53.61,24.67,64.14,26.75,58.77,94.36,98.7,41.31,22.4,34.56,32.55,62.81,68.38,112.79,52.86,124.74,108.02,71.53,37.4,49.3,90.8,45.8,75.14,58.85,58.78,82.7,60.01,93.35,71.24,87.17,101.44,78.02,51.47,56.53,100.7,38.31,76.06,42.67,80.17,37.82,62.78,101.81,66.04,49.83,52.49,75.21,48.9,82.31,90.05,75.47,44.79,83.17,71.55,120.48,72.21,56.65,61.8,56.79,61.72,62.71,94.91,27.78,22,66.25,45.05,43.97,21.71,93.79,33.27,38.52,82.04,30.37,74.77,85.07,30.03,39.04,55.27,35.21,108.71,97.04,92.06,40.42,46.93,41.16,106.06,67.18,120.42
37.68,49.25,42.32,57.16,36.75,42.39,94.65,57.62,117.64,33.04,24.09,18.49,56.15,30.37,90.72,90.65,53.33,69.69,111.59,50.42,56.66,108.37,33.49,50.84,77.6,39.99,89.21,23.8,81.27,67.85,72.45,32.73,73.32,67.11,85.59,41.15,60.22,71.95,83.25,86.66,87.49,85.43,40.85,43.93,78.02,28.57,103,57.38,34.02,53.01,112.33,48,44.93,58.94,64.19,68.17,28.92,35.6,85.48,77.08,85.49,90.44,29.37,98.45,76.44,36.68,75.91,121.62,67.21,56.33,95.04,55.53,107.75,65.13,26.52,30.5,57.71,90.59,86.77,42.58,19.37,35.9,69.83,35.47,46.72,63.84,63.21,82.27,27.54,42.03,30.15,77.96,20.35,64.78,25.63,78.65,32.99,42.35,46.33,25.27,90.69,113.28,101.79,26.41,29.84,111.05,75.19,65.18,88.08,66.85,99.94,38.09,69.05,30.69,42.04,83.11,51.15,29.57,34.13,90.03,53.21,32.18,92.84,38.45,36.95,52.06,60.4,41.69,100.2,81.67,39.66,87.32,24.2,80.76,39.15,52.69,51.25,106.76,103.43,87.67,81.51,98.48,85.55,55.64,64.76,59.34,27.17,27.06,57.11,54.71,108.75,71.89,84.75,97.91,110.53,70.06,96.41,68.64,38.29,49.53,55.92,61.05,50.94,67.84,71.27,22.1,42.19,92.09,112.55,83.72,32.65,101.71,25.68,38.04,28.17,101.53,51.6,82.14,76.71,105.26,82.88,100.36,115.21,86.21,106.16,54.36,51.92,28.91,36.17,52.54,100.59,67.39,88.46,29.81,88.24,59.93,95.42,49.52,24.28,99.01,72.48,48.62,52.33,53.14,60.24,106.61,67.95,33.83,52.79,70.11,56.86,45.28,79.94,54.79,68.41,89.87,77,62.75,33.56,96.47,63.22,100.04,53.87,104.81,46.86,80.89,56.89,48.1,53.55,78.61,30.37,67.03,54.43,51.21,25.94,44.67,97.35,101.83,60.51,30.36,97.08,69.04,60.33,71.41,24.27,39.89,32.47,59.89,59.82,23.44,50.52,64.17,66.36,86.98,50.15,105.4,40.42,59.49,89.95,62.15,53.69,88.54,73.74,90.14,61.34,28.04,77.35,38.88,54.65,34.49,60.64,27.43,62.98,89.81,68.99,105.49,108.29,59.74,60.3,65.24,69.14,36.58,22.98,46,61.81,38.25,65.81,26.25,84.74,84.87,110.34,83.43,77.61,80.25,93.84,33.36,65.47,45.14,22.16,42.38,33.41,46.36,45.31,99.3,37.34,72.25,73.64,31.24,82.46,119.17,25.11,70.55,87.33,65.9,32.52,53.31,27.69,78.22,83.45,79.96,48.35,23.13,40.76,35.99,67.18,68.52,115.37,45.9,98.1,92.76,83.24,35.6,49.38,88.05,71.84,63.54,57.59,51.86,94.8,67.22,102.81,102.96,112.61,91.62,73.22,56.66,81.5,80.98,43.76,98.67,48.56,87.38,31.93,61.04,94.42,72.55,60.45,49.22,88.49,59.33,92.35,103.14,78.59,47.5,72.43,88.79,104.59,80.84,68.34,71.98,49.92,74.43,69.48,111.66,21.71,26.6,44.45,58.88,37.41,18.49,79.22,29.96,39.85,76.02,40.5,63.64,112.52,22.25,42.06,42.62,36.94,99.63,82.67,96.82,62.19,42.81,32.59,98.13,57.39,95.26
35.4,46.31,48.86,39.23,34.18,39.65,88.81,77.46,88.66,25.95,28.23,20.98,61.77,41.4,85.83,112.9,71.23,80.18,99.98,53.63,57.03,76.9,31.1,52.36,83.48,43.01,88.74,24.97,74.89,85.53,80.96,28.13,67.43,61.14,98.88,47.2,73.97,61.13,71.53,87.59,74.16,58.16,39.62,47.91,53.33,27.86,90.01,61.14,36.07,60.47,93.83,53.39,42.97,56.32,66.28,63.31,34.18,42.69,93.33,83.26,73.78,95.38,23.65,98.34,62.88,35.49,54.73,105.51,64.31,64.26,87.85,52.1,84.6,69.5,22.42,28.99,54.5,66.8,84.65,33.93,19.72,38.87,58.19,40.34,49.48,59.99,61.24,109.68,25.3,38.46,33.68,98.41,24.39,53.87,29.54,69.54,27.94,42.41,45.19,19.97,96.22,84.42,78.01,30.58,29.86,112.74,77.46,57.99,112.78,77.3,98.65,35.48,74.91,27.55,35.24,89.07,64.72,30.01,30.51,89.03,40.99,30.87,78.26,36,28.21,48.83,49.02,32.76,95.81,104.39,49.51,86.98,27.23,82.66,25.99,50.91,69.21,73.86,78.36,88.75,83.95,89.41,59.99,63.07,65.76,56,23.87,29.57,56.22,48.9,100.58,62.08,72.15,78.88,78.64,48.49,94.29,78.94,37.85,53.46,60.87,63.06,48.49,89.67,68.59,20.23,55.38,85.76,104.33,78.88,34.29,85.09,22.4,33.88,26.08,67.54,41.79,81.04,53.27,90.42,87.06,90.42,114.38,108.99,72.28,42.31,59.28,37.11,38.04,44.11,86.55,63.76,70.47,29.32,96.38,61.71,100.11,60.61,18.92,106.69,74.93,52.16,43.41,51.67,51.5,102.08,79.21,30.5,51.54,96.58,50.72,43.68,89,38.26,58.85,88.3,88.89,70.54,37.27,88.71,61.14,107.55,37.91,120.37,56.2,86.85,65.05,57.87,51.93,70.21,28.63,48.83,66.11,60.71,32.2,52.41,97.21,109.01,79.57,37.07,94.61,77.31,67.68,73.13,25.87,43.2,21.02,66.8,71.32,22.66,59.79,57.15,74.91,74,42.56,77.66,51.54,73.79,75.3,46.48,46,106.38,66.1,91.91,57.24,36.9,65.87,35.17,42.16,36.72,61.58,29.36,62.8,73.82,78.56,106.55,81.19,44.66,51.72,68.96,90.12,36.44,18.98,48.06,64.65,40.52,81.47,17.53,67.97,59.6,82.01,70.4,97.39,100.64,74.86,27.43,57.21,40.85,28.58,30.52,30.49,54.19,55.98,101.91,27.57,56.18,83.47,27.71,98.39,106.79,26.74,65.12,107.01,53.38,28.84,67.09,30.88,66.75,92.2,72.68,39.29,18.49,33.5,30.33,56,66.07,104.51,49.28,94.6,104.66,76.31,30.87,46.63,99.23,49.32,68.91,74.63,59.74,111.32,72.89,108.82,98.92,115.85,114.64,107.74,68.44,62.45,86.82,36.29,98.11,46.73,69.41,33.36,65.41,104.82,74.11,55.61,38.15,79.91,57,97.65,100.7,69.6,40.11,73.53,84.52,111.1,75.97,65.91,72.56,55.58,55.17,55.8,99.62,27.81,31.24,44.93,54.46,39.54,23.57,71.8,35.66,45.72,89.33,27.88,73.09,106.55,24.26,43.37,48.33,44.2,97.33,88,97.44,49.1,46.62,35.85,95.83,55.75,85.27
34.79,44.37,47.55,46.54,26.43,50.14,84.27,58.61,106.71,30.54,34.2,18.04,46.2,33.46,77.63,92.6,70.45,78.67,90.82,65.4,67.3,92.48,34.67,47.92,71.95,49.45,86.46,20.99,82.87,83.74,87.03,29.8,75.73,63.28,99.74,49.34,65.16,59.94,93.46,90.28,59.1,57.37,31.24,41.38,74.01,20.91,87.42,82.83,26.71,65.6,98.28,51.43,36.51,57.19,69.66,61.1,27.9,39.45,90.57,66.86,82.77,107.51,28.6,124.85,79.43,35.96,57.02,113.71,81.53,67.35,108.81,56.95,97.01,61.26,26.89,41.59,51.93,87.62,79.66,42.03,19.28,43.69,61.2,37.85,49.45,63.54,94.14,83.67,35.87,37.3,32.31,97.99,26.94,70.73,27.24,67.62,32.35,35.71,38.37,17.83,128.95,96.32,105.32,27.67,25.35,91.46,68.04,68.51,110.76,87,94.34,39,81.55,23.24,46.71,100.33,70.85,35.93,36.83,92.37,56.97,33.13,75.43,38.45,26.99,46.04,58.3,36.65,100.31,115.07,40,98.9,26.13,68.81,29.46,46.11,47.68,89.33,100.3,93.78,73.57,102.53,56.39,74.68,75.31,74.27,30.01,30.44,59.11,58.08,85.12,56.61,83.74,91.56,101.81,48.22,89.17,67.35,44.69,47.03,51.52,57.23,55.31,69.96,74.97,17.74,57.24,98.84,98.05,87.43,41.49,111.26,23.21,34.46,27.45,69.97,44.11,71.37,68.57,95.69,92.49,119.06,101.97,89.52,91.04,57.08,66.16,31.85,32.29,33.98,77.83,52.48,71.75,23.07,109.3,43.85,113.57,60.87,22.79,109.62,50.4,42.74,53.88,52.96,64.81,127.16,94.51,30.58,67.51,68.45,49.02,54.62,93.39,36.3,67.95,97.97,83.38,59.01,27.41,86.59,49.56,117.24,48.13,113.74,40.04,86.11,49.92,45.56,74.63,86.99,19.66,65.45,63.06,62.7,30.45,52.5,98.81,95.24,85.14,34.11,105.1,64.37,61.6,75.22,24.63,43.98,32.46,74.72,68.21,24.66,75.06,50.89,59.22,79.02,39.03,78.98,48.73,56.75,92.04,53.89,60.56,83.05,79,113.41,50.54,36.02,58.53,31.91,38.87,29.78,54.79,20.54,79.48,91.35,79.68,84.98,84.3,42.71,51.53,71.24,73.49,45.34,23.21,46.25,64.46,36.4,88,19.1,63.65,69.45,88,79.21,102.7,89.3,72,27.97,75.77,57.81,28.61,37.23,23.5,58.34,56.56,100.68,25.44,63.1,67.4,35.94,85.73,80.08,27.13,63.6,101.26,43.5,33.29,69.27,27,86.53,87.59,83.29,36.95,24.53,34.95,41.43,58.72,54.48,91.62,58.37,101.92,94.64,71.98,28.16,32.44,96.51,57.7,73.3,57.34,46.5,92.72,84.14,111.87,75.24,91.93,104,78,63.15,62.87,117.21,39.63,91.9,59.78,62.49,33.83,70.89,80.44,61.31,55.68,54.73,69.8,50.5,102.25,108.92,77.52,47.44,90.83,84.23,86.34,51.47,70.24,55.54,48.9,70.26,56.73,116.58,22.93,30.89,66.57,65.96,43.85,27.48,74.55,25.58,43.86,92.34,36.66,62.81,114.7,31.23,42.24,55.95,36.89,84.32,91.39,90.51,58.68,45.15,40.75,89.95,53.8,101.63
44.12,54.92,52,53.86,28.26,49.18,73.8,76.48,94.92,32.01,30.54,26.73,59.79,43.17,87.86,125.13,71.9,83.97,105.79,71.38,57.17,97.49,43.93,59.91,85.25,49.65,83.46,33.51,85.95,81.94,88.54,36.1,73.66,61.94,83.13,46.61,64.19,67.64,68.77,106.65,86.93,87.48,45.76,48.97,76.61,29.73,114.27,73.19,37.92,65.03,97.82,39.25,36.9,58.04,74.96,55.72,31.92,35.39,84.54,74.06,105.94,88.95,36.53,117.59,63.59,49.96,58.83,132.65,73.39,62.96,101.47,60.09,111.53,76.75,23.07,35.18,60.2,93.88,98.55,34.93,19.2,53.12,72.38,36.18,47.47,61.95,95.43,81.85,27.37,37.33,39.18,75.4,25.43,65.91,26.45,62.91,30.82,40.45,45.17,26.71,95.92,96.39,95.08,25,26.16,83.52,68.71,62.81,90.73,74.07,77.25,43.9,77.78,23.91,47.26,118.17,70.04,33.91,28.04,90.28,48.1,40.35,74.25,56.38,31.16,45.08,60.53,39.09,98.02,109.22,61.9,106.56,31.39,82.89,28.8,42.44,76.34,96.63,91.32,107.62,66.84,99.03,80.76,67.8,66.97,78.59,28.81,32.97,53.79,55.33,81.08,62.12,73.71,78.56,89.84,57.74,107.42,61.14,40.71,55.22,62.38,67.87,57.24,69.55,76.97,26.39,48.93,111.5,117.44,73.13,40.61,110.19,24.42,32.09,28.47,85.58,54.31,115.99,56.29,103.41,101.4,75.79,103.83,111.31,74.47,56.15,45.44,33.06,38.91,48.15,93.82,73.7,91.21,23.57,81.92,66.57,124.5,52.59,24.1,89.82,68.8,37.92,44.31,47.36,66.92,108.81,85.87,34.59,71.56,78.25,53.83,47.92,87.47,44.43,69.15,110.87,72.13,62.36,33,80.44,64.09,126.67,36.72,111.71,50.18,100.53,61.24,53.82,86.39,97.72,25.76,57.71,47.08,54.42,34.76,59.49,102.36,90.65,70.38,42.79,93.7,88.35,56.07,81.42,38.29,44.62,27.63,61.36,87.17,24,73.11,50.19,61.48,86.16,56.39,88.31,40.24,58.76,82.8,49.33,54.63,95.59,67.88,78.25,62.93,33.38,59.1,27.06,56.51,25.2,65.42,31.27,66.5,73.86,95.79,84.74,105.81,40.25,45.99,64.35,76.4,52.63,24.13,46.69,65.17,45.75,71.05,20.53,70.89,68.81,89.32,75.42,81.61,118.99,90.82,27.29,57.86,49.74,24.79,40.59,30.75,52.34,53.34,85.41,25.72,82.11,72.11,33.03,94.05,117.64,19.84,66.81,86.18,56.2,24.16,58.11,28.68,83.29,89.9,105.76,46.3,24.56,36.62,38.19,61.3,58.3,119.47,68.47,92.15,100.29,76.84,34.52,50.3,123.68,48.29,71.96,75.99,59.84,103.35,78.63,92.43,116.88,126.46,111.37,109.3,59.31,88.75,117.37,29.94,97.41,69.59,95.39,43.05,84.74,110.74,83.12,44.66,59.03,88.6,58.41,79.53,112.67,70.56,43.16,70.98,101.05,121.33,55.04,80.24,70.81,56.15,74.93,60.66,116.11,24.47,25.67,63.9,60.02,40.58,22.85,76.23,28.17,41.25,77.14,36.88,65.38,112.87,26.34,45.62,63.41,36.9,110.17,130.63,116.22,48.97,36.47,41.96,125.4,57.03,106.47
42.65,69.53,56.37,51.06,30.53,43.43,76.17,67.25,101.96,28.52,34.6,21.51,61.72,38.06,107.66,96.41,76.33,82.94,79.65,74.56,57.97,99.85,32.33,51.8,66.61,38.64,98.02,32.76,86.32,106.62,83.18,37.98,56.28,85.88,102.9,58.53,69.89,52.96,74.83,74.68,60.56,64.59,46.85,46.6,81.7,22.87,109.91,96.48,33.74,57.5,105.78,48.82,42.12,67.78,95.42,58.65,39.44,35.5,74.72,67.33,99.9,108.5,32.15,103.79,68.92,54.2,76.26,99.61,86.79,75.77,117.21,47.63,74.63,75.9,21.76,32.95,68.49,82.76,77.89,39.18,22.83,35.91,62.95,33.73,59.11,72.78,93.15,108.95,29.4,48.44,39.96,91.33,21.72,71.11,34.71,90.82,24.08,46.99,39.72,22.47,109,112.62,116.58,22.3,25.51,81.84,64.42,83.67,108.31,90.98,82.61,39.66,79.9,27.18,36.74,120.87,63.38,33.15,40.7,85.11,54.25,42.17,84.08,39.61,35.03,41.56,62.7,29.24,80.82,123.89,61.46,100.04,28.47,68.37,29.17,55.37,59.53,72.02,83.51,83.16,81.82,107.96,65.97,52.17,51.58,75.22,25.45,24.85,61.99,54.19,75.86,68.32,97.47,93.18,104.83,59.33,112.51,74.09,43.69,48.05,68.43,85.15,63.23,81.11,68.96,26.12,41.69,127.06,108.63,88.78,30.95,109.81,20.4,33.75,27.96,93.54,56.61,73.45,54.58,105.01,68.96,109.79,89.94,95.34,104.82,59.56,55.4,39.7,33.83,36.8,136.11,50.25,91.87,26.11,84.08,49.98,89.41,55.94,28.25,93.78,61.52,42.44,62.91,41.63,54.85,130.6,85.58,30.28,64.05,92.67,54.15,49.47,99.57,45.61,67.77,97.84,77.29,72.14,32.85,88.57,52.91,93.9,37.86,107.42,50.32,93.75,70.08,49.17,60.79,99.95,27.63,55.97,50.23,57.61,32.1,55.38,85.01,84.61,68.96,32.11,117.52,70.56,48.05,85.35,32.85,41.58,24.7,76.97,92.43,27.72,64.31,57.01,62.41,97.02,49.96,116.53,48.36,75.44,82.38,52.79,67.42,86.04,65.53,89.83,47.56,30.1,74.67,27.68,37.19,27.15,64.63,22.99,72.87,71.24,85.45,97.8,87.85,45.81,55.85,67.97,95.89,38.29,19.55,42.28,53.47,35.53,83.42,21.12,77.35,85.31,81.36,90.12,105.98,75.98,77.26,24.49,79.69,43.5,24.05,35.14,23.33,45.3,50.24,113.97,33.67,82.42,72.88,41.75,81.54,93.97,24.74,81.13,93.75,65.79,27.75,65.39,27.58,95.67,74.66,86.52,47.16,26.76,41.24,31.13,71.82,59.79,105.7,56.62,109.71,85.24,76.51,39.15,35.01,90.23,50.45,66.67,61.83,55.92,113.06,81.17,95.3,99.65,82.06,96.28,90.81,55.77,74.62,121.27,36.01,82.45,44.6,77.11,49.01,56.45,88.88,74.46,56.5,42,55.75,49.65,79.64,105.58,76.41,51.63,93.86,106.69,137.85,70.19,67.37,60.13,67.45,69.37,65.97,105.58,26.93,29.17,55.21,63.35,32.76,21.57,96.79,37.52,42.56,91.73,43.31,65.8,94.43,28.61,36.5,56.99,40.38,92.59,85.43,95.76,49.79,44.19,46.12,116.37,52.18,107.94
36.49,61.33,57.01,37.91,30.15,34.56,88.3,55.38,99.55,29.79,30.36,17.42,57.3,33.95,80.63,97.56,61.15,82.59,87.69,61.77,56.91,70.67,35.19,45.19,66.26,38.51,108.9,30.38,81.42,90.58,79.89,29.82,69.79,84.24,103.69,40.6,69.69,63.31,66.53,71.81,73.8,75.98,39.03,46.19,56.71,22.84,95.76,80,25.6,65.76,109.57,57.88,49.19,43.91,90.99,68.87,32.82,34.84,82.09,61,72.77,78.37,24.43,82.88,56.63,40.01,73.84,99.99,57.69,51.68,91.35,64.25,73.01,72.1,27.36,33.94,57.65,63.53,93.48,32.06,25.1,46.86,72.2,34.7,59.18,64.29,76.33,84.95,29.2,42.44,36.96,87.76,28.22,78.41,34.26,79.19,33.83,45.68,40.97,23.3,119.28,88.79,88.68,20.13,29.13,103.86,73.17,62.4,89.5,65.81,101.02,34.82,70.61,23.35,39,97.77,49.08,36.85,29.35,99.88,48.97,35.07,76.91,39.17,38.53,38.95,52.66,39.09,72.52,103.75,54.46,114.1,28.08,63.64,34.53,41.38,60.33,83.38,70.93,95.17,61.31,71.17,71.96,74.41,60.8,58.08,22.83,25.35,62.53,52.49,77.72,61.21,94.95,72.13,93.7,54.2,83.38,74.92,38.72,55.08,68.28,72.94,64.43,65.47,73.22,24.26,41.15,102.81,105.18,63.84,31.71,108.52,17.87,26.23,29.64,73.04,43.66,72.71,65.9,106,86.07,95.36,101.27,85.57,97.2,56.85,68.06,32.11,38.51,42.33,86.99,61.9,95.66,30.06,97.93,61.32,101.35,67.44,25.57,90.14,63.84,38.14,55.2,42.98,61.51,107.89,74.37,21.47,57.5,88.16,45.12,52.42,82.38,50.96,59.22,72.43,82.75,61.11,24.77,77.91,62.86,112.79,49.03,89.94,55.4,63.13,60.77,50.45,74.97,82.5,21.74,52.78,50.12,58.79,25.09,45.85,99.7,85.02,60.43,33.02,101.65,63.85,63.32,71.95,25.66,42.59,30.62,64.76,76.08,23.92,66.96,58.6,65.49,72.59,52.87,83.64,47.12,61.66,73.83,44.57,59.36,108.96,65.69,109.08,55.21,27.2,61.47,35.45,46.16,27.59,64.15,30.23,72.45,90.13,80.64,105.6,97,52.86,45.52,72.56,62.51,45.14,19.12,48.77,57.53,45.69,66.29,24.56,80.77,79.14,97.25,79.34,94.59,85.96,91.37,22.43,68.32,49.34,23.32,34.64,25.97,50.09,61.29,82.66,34.69,58.76,94.75,37.05,86.64,77.8,23.41,52.64,95.92,61.13,36.01,48.63,33.3,61.85,94.12,85.46,45.16,22.1,30.41,31.97,54.95,52.42,117.38,47.23,121.09,104.56,86.26,27.63,38.3,96.36,62.41,57.82,69.26,55.51,109.98,82.12,101.7,81.1,95.19,108.69,78.48,55.57,73.84,112.56,27.35,76.26,42.67,70.32,41.39,67.42,97.93,78.78,47.68,42.88,62.67,43.5,103.79,103.15,66.95,45.08,87.62,70.43,100.95,57.75,78.6,68.42,49.83,64.79,64.53,85.59,20.28,30.47,64.03,53.33,29.63,22.88,68.84,29.83,40.17,84.02,36.87,64.71,88.39,21.83,33.06,48.96,45.85,103.27,105.7,104.7,48.94,48.6,31.85,121.04,51.55,122.8
34.02,42.93,46.45,47.17,28.77,40.84,87.12,61.13,118.86,21.4,28.35,20.51,42.24,39.95,88.44,118.87,60.94,76.81,102.37,52.35,68.04,79.34,32.63,37.29,70.73,38.78,87.55,20.86,67.8,74.5,87.6,32.47,77.6,83.86,111.97,44.23,80.93,47.27,97.7,72.16,82.89,68.43,36.37,44.25,57.08,25.33,93.98,62.75,36.12,59.92,95.3,43.35,38.77,60.05,83.89,62.02,35.79,30.88,75.94,79.68,77.09,77.08,29.31,82.96,68.39,42.37,77.84,118.49,54.57,54.8,86.34,43.86,97.3,63.7,27.15,32.39,60.5,74.29,95.2,33.61,25,42.12,53.97,36.05,54.99,51.85,85.95,96.2,27.59,37.4,39.65,98.51,22.77,59,31.61,67.99,25.45,40.17,43.81,18.4,98.23,103.26,88,23.34,21.42,108.82,72.01,58.56,113.11,88.43,94.68,49.2,76.09,22.92,42.05,111.83,56.3,28.38,36.33,80.64,41.19,45.74,84.99,50.44,39.39,37.15,53.39,31.21,80.53,108.81,51.14,82.45,20.35,63.27,28.08,49.43,51.29,70.57,75.54,76.47,78.91,81.04,80.3,69.56,58.43,61.39,28.1,27.86,63.89,44.18,89.19,65.5,77.72,82.81,83.37,59.35,75.02,83.36,43.74,46.06,60.36,56.03,50.09,77.46,60.87,21.78,59.71,120.25,82.51,63.61,42.37,98.96,22.67,30.25,22.97,95.92,42.29,79.35,68.08,77.47,79.99,109.03,97.74,99.5,74.24,59.93,59.29,30.06,37.07,43.44,89.55,58.02,70.67,25.81,98.97,48.38,99.65,68.72,21.79,85.18,69.95,34.97,41.37,53.86,60.6,85,76.19,24.98,62.48,84.66,55.05,38.48,78.15,52.32,77.63,95.24,69.92,51.85,25.01,86.48,60.52,82.25,50.73,81.08,39.15,67.93,67.07,45.3,66.1,89.48,26.47,71.26,54.11,64.03,27.76,57.98,96.34,75.05,70.01,31.9,112.92,79.48,59.59,73.18,23.72,37.48,24.18,55.39,81.09,25.88,67.78,58.63,68.36,73.73,51.41,76.79,40.44,52.99,94.22,45.72,61.07,75.53,60.28,80.09,37.7,32.13,72.96,30.83,44.71,27.21,54.94,29.03,73.23,70.12,92.51,82.54,75.02,38.26,48.16,64.2,88.83,32.56,20.4,47.99,68.86,33.37,87.53,17.23,61.3,60.44,107.92,84.57,74.9,94.36,85.21,27.08,48.97,46.37,26.47,38.18,31.95,50.46,49.6,102.55,26.86,76.73,85.87,27.68,72.61,83.58,19.89,65.46,113.6,51.29,32.86,54.1,33.26,83.39,77.39,75.99,33.83,18.57,31.76,39.6,52.29,63.37,88.17,61.25,117.32,103.53,80.35,35.72,45.29,82.95,59.55,69.45,63.69,45.99,105.6,68.57,100.68,73.68,91.78,86.86,105.87,65.57,65.39,105.68,34.2,95.54,55.12,61.84,45.76,56.17,73.87,74.39,43.15,44.89,74.21,53.15,86.4,100.92,69.47,40.43,78.93,83.17,99.8,77.27,59.22,52.88,50.8,62.33,71.25,82.51,19.23,22.26,50.04,47.9,43.69,23.59,65.74,26.43,39.56,70.54,28.53,57.97,76.88,25.41,32.73,50.53,46.77,101.17,123.53,98.7,43.28,44.49,36.46,94.03,53.86,122.28
37.54,48.96,45.01,43.9,35.35,45.84,65.83,61.5,111.78,29.76,28.66,19.98,48.23,44.38,92.76,82.55,57.5,88.86,86.75,60.71,64.48,82.67,31.89,50.18,62.07,53.31,104.33,23.57,87.95,91.36,79.76,30.96,80.95,80.14,110.45,48.09,79.16,52.18,89.38,89.14,68.68,67.79,31.98,35.56,76.15,27.42,95.27,63.79,33.53,64.7,94.8,55.76,42.98,42.48,94.11,59.58,29.13,44.52,93.5,80.28,72.92,78.39,29.07,98.54,71.24,46.1,61.07,92.57,53.05,60.8,111.73,56.44,96.57,67.07,22.15,33.1,50.27,65.24,79.68,33.43,20.33,41.94,50.83,39.62,62.25,68.31,93.28,101.5,32.08,45.67,34.89,91.21,20.69,75.19,33.61,77.27,33.59,36.97,47.69,20.71,87.9,79.03,88.64,21.29,23.06,82.12,67.22,69.33,82.64,68.73,85.85,39.97,63.36,27.2,37.64,91.73,61.03,35.82,34.56,90.22,46.46,37.47,77.35,38.63,33.1,51.88,54.27,39.09,101.18,84.01,44.42,115.28,24.96,68.29,32.48,56.98,58.91,87.78,91.08,90.48,83.74,90.63,79.99,63.79,58.89,65.75,24.45,34.32,45.77,54.16,106.95,69,104.77,91.91,83.59,48.93,106.44,86.94,37.49,39.95,69,63.59,59.88,70.69,68.33,26.83,52.18,110.79,113,79.69,33.93,88.05,24.1,30.66,33.16,93.56,58.03,73.26,54.25,92.44,85.37,115.3,83.96,104.68,85.86,52.78,67.19,35,35.46,43.1,79.29,50.2,71.81,27.05,72.83,51.92,97.9,54.33,21.48,85.97,65.52,39.13,58.43,42.73,52.4,121.79,88.42,26.16,62.96,67.39,60.4,48.89,93.07,38.58,83.11,87.97,69.42,57.57,25.78,92.77,59.99,88.18,40.32,96.38,50.87,70.04,64.11,48.89,59.43,72.41,26.73,55.35,54.2,69.12,30.47,46.7,83.05,111.99,71.09,30.98,108.12,78.68,63.33,72.41,36.54,46.61,29.79,76.69,69.96,29.66,54.48,51.97,79.33,87.2,42.83,91.32,46.24,70.69,95.9,48.87,47.53,93.64,65.3,102.68,54,37.91,60.31,30.5,42.44,29.47,51.65,30.06,57.71,66.27,68.91,100.18,107.28,43.44,47.02,60.95,67.79,44.25,24.76,50.59,53.21,36.99,75.68,25.1,78.34,66.72,81.94,73.18,74.27,90.84,78.79,28.43,63.62,49.39,27.08,44.19,35.32,48.53,47.56,93.52,34.16,78.34,71.77,36.06,72.97,93.03,21.06,73.97,91.34,49.46,26.37,50.72,27.04,84.3,88.47,85.92,41.21,24.62,33.19,38.57,75.64,64.91,101.17,48.75,98.73,122.65,76.55,35.47,38.73,112.22,47.17,52.86,76.94,52.66,93.8,82.78,116.51,86.03,100.88,111.77,87.95,63.98,70.68,88.04,38.81,108.58,56.17,78.57,35.02,59.88,73.64,80.29,45.18,52.13,77.44,43.15,100.41,94.87,61.19,39.2,68.76,71.13,108.94,63.75,56.12,75.72,69.21,68.71,55.01,99.81,21.19,28.46,49.64,46.61,42.59,26,94.61,33.71,38.6,86.43,41.07,78.56,97.34,27.65,42.88,53.74,51.02,80.6,115.39,78.02,47.2,45.23,41.23,104.55,64.24,95.05
38.46,63.81,56.33,49.2,30.24,50.76,86.31,68.21,110.58,32.42,29.09,21.62,59.5,41.1,84.54,121.02,70.66,74.61,93.24,78.53,61.5,97.16,46.57,47.89,72.95,38.23,112.51,27.38,70.23,80.29,70.59,29.19,92.99,61.12,102.46,41,72.05,70.09,78.25,75.8,77.32,82.11,37.39,37.34,62.02,25.13,100.59,59.69,38.22,54.16,114.05,62.28,45.38,46.15,94.93,55.75,37.63,38.29,75.87,87.51,116.55,103.38,27.24,101.1,66.73,51.47,59.41,91.51,82.03,79.86,119.43,57.68,83.93,89.78,27.61,36.19,64.08,77.47,82.43,42.92,24.45,37.06,74.32,35.95,72.18,55.84,73.63,127.36,28.84,38.69,42.3,87.68,26.74,60.02,41.2,84.51,37.45,31.3,42.41,24.4,122.86,96.41,101.62,23.62,28.21,96.26,83.94,77.59,129.75,81.11,112.29,50.73,76.71,25.67,47.61,88.98,66.41,27.07,36.03,94.13,46.92,40.75,74.58,46.25,43.74,40.68,50.18,30.56,98.5,114.32,49.97,121.95,26.14,83.61,32.29,47.9,53.38,80.37,84.61,86.29,78.67,95.6,74.43,74.03,76.76,82.9,34.59,32.82,70.36,50.08,101.22,78.22,93.2,82.67,125.43,55.18,112.23,71.3,32.47,45.87,62.72,63.6,58.71,98.44,71.52,24.88,64.53,89.24,81.58,65.88,35.51,120.15,23.32,34.88,34.26,96.09,50.89,76.14,64.69,109.06,79.03,95.86,106.28,108.94,93.84,71.07,48.71,36.42,40.82,41.54,101.23,56.48,105.46,31.75,107.43,58.59,120.67,67.4,17.87,86.58,60.26,56.13,60.95,44.09,64.69,112.55,93.53,31.24,67.2,79.9,59.89,52.38,90.65,47.68,67.01,91.9,89.54,78,37.32,79.39,51.7,113.81,43.03,96.16,58.24,80.26,56.93,45.47,71.56,86.26,29.41,80.5,62.35,81.36,25.23,53.77,117.54,119.86,77.49,37.27,100.51,71.59,68.34,79.33,34.12,56.51,34.06,60.2,58.81,23.23,76.04,56.83,74.96,75.32,47.09,82.17,51.8,60.56,74.4,48.27,60.36,91.01,69.08,110.68,45.4,37.38,71.41,37.73,36.22,35.64,51.74,28.36,70.21,95.51,97.64,127.27,80.56,43.63,44.51,62.62,80.22,42.35,24.32,44.31,79.48,43.16,66.19,25.7,60.22,62.12,91.98,88.14,89.54,74.84,88.71,28.74,66.1,42.65,23.89,38.18,25.67,62.82,56.11,101.74,37.01,78.78,73.05,43.61,98.39,125.82,24.26,60.89,101.64,55.13,27.76,76.8,38.77,75.39,102.2,83.85,49.74,25,38.28,39.43,67.09,63.33,111,63.2,115.41,123.33,96.37,37.09,41.17,109.87,60.69,63.55,59.1,42.07,95.09,69.93,109.09,101.87,116.05,123.47,90.65,52.89,66.05,122.92,37.23,76.9,53.4,68.5,48.98,68.47,94.13,83.4,63.24,44,61.59,51.05,80.95,91.86,69.44,43.58,87.9,102.42,126.09,84.16,87.17,65.3,66.92,66.96,53.74,104.13,24.64,28.64,47.29,55.82,36.19,25.28,71.78,27.56,45.77,77.31,27.78,69.58,109.54,25.07,46.78,52.13,41.33,104.14,110.42,82.03,44.42,44.33,40.6,133.56,57.16,99.5
38.7,55.41,57.51,48.15,31.79,36.07,73.24,78.11,110.68,28.26,27.29,21.12,44.38,42.96,74.88,112.1,64.9,92.43,101.64,74.29,65.12,79.84,31.17,36.33,57.34,44.87,82.44,25.15,81.9,74.85,71.56,26.58,79.83,70.74,90.8,43.38,60.55,58.59,70.28,93.71,83.12,73.06,44.26,39.26,53.17,27.92,104.95,77.07,26.46,47.64,108.74,43.94,40.78,51.29,92.47,50.05,37.62,30.34,91.31,89.71,86.79,105.96,33.07,106.85,67.08,48.31,77.58,88.7,73.41,68.82,82.61,63.47,90.76,59.3,29.06,38.57,43.73,78.57,84.26,41.7,22.07,36.59,60.81,31.95,61,58.39,70.14,84,31.25,42.59,29.51,97.11,22.71,73.54,37.57,60.89,26.78,45.88,48.28,21.54,82.58,89.71,72.91,22.97,30.5,115.48,63.78,74.88,89.75,90.39,87.16,49.07,66.73,20.67,40.99,114.9,56.01,33.84,33.76,88.31,52.21,37.83,81.02,48.95,30.52,39.03,54.93,37.82,100.02,75.3,41.27,114.13,24,74.47,31.03,46.26,69.96,81.07,67.8,97.1,72.4,75.2,68.99,69.68,64.45,57.54,23.71,25.02,53.38,53.39,75.03,64.36,101.66,99.48,96.92,57.75,95.01,80.14,49.38,46.6,54.03,73.21,60.81,84.66,77.3,21.58,57.97,97.51,103.1,57.14,33.42,105.59,22.25,29.61,24,100.96,41.79,79.13,74.04,82.67,70.39,104.68,79.11,111.8,100.55,54.39,57.3,31.25,33.81,45.64,88.53,52.95,88.26,23.61,91.56,53.56,85.41,50.91,19.85,85.94,63.74,49.66,40.23,52.04,58.64,85.07,85.48,23.36,64.05,82.07,63.79,45.12,62.69,49.11,62.76,107.72,72.03,62.63,34.73,98.4,62.08,92.77,41.27,80.67,52.24,72.9,67.39,44.44,52.48,95.24,26.95,66.44,53.09,50.74,30.64,43.86,121.44,80.62,86.68,30.59,106.05,71.91,55.37,61.41,31.02,42.25,27.38,65.17,71.49,24.66,55.3,62.62,81.05,69.49,43.23,90.75,41.87,62.67,78.37,55.89,61.18,88.45,66.15,103.45,47.77,35.06,61.25,30.72,40.55,26.71,46.28,21.49,70.1,67.15,76.01,104.98,101.17,47.04,59.06,73.28,85.34,41.87,21.15,47.32,67.4,43.4,76.47,21.55,58.08,64.69,112.45,77.92,92.36,102.34,67.17,26.79,51.09,42.31,24.6,32.26,27.89,56.37,58.38,86.42,26.16,62.86,80.23,29.64,79.15,82.18,23.02,70.28,83.24,54.29,33.71,47.89,30.61,76.89,69.56,85.33,39.16,23.8,36.15,29.86,68.18,47.32,84.5,57.2,126.5,105.59,82.68,29.56,40.89,79.34,51.51,63.13,58.11,59.09,103.12,68.49,99.33,83.33,118.58,122.27,107.14,53.21,79.49,99.73,30.56,96.48,50.39,67.05,42,76.42,80,65.2,58.92,40.03,63.44,43.83,95.91,109.99,57.56,41.31,82.1,90.14,112.4,67.6,67.41,66.44,58.56,79.92,50.93,93.57,26.8,24.09,64.89,61.62,42.56,22.42,98.23,27.19,46.87,88.25,27.55,53.23,76.58,28.31,39.1,55.11,38.63,99.15,85.79,103.91,42.98,44.05,35.09,90.81,61.8,91.78
31.3,53.99,55.48,46.07,29.14,39.16,95.77,83.85,92.56,25.01,25.82,21.37,45.8,34.91,77.73,115.99,61.82,77.95,86.76,50.78,56.44,76.13,39.19,55.42,83.7,53.21,115.01,27.66,87.97,71.95,91.07,34.28,61.38,69.36,118.85,41.88,70.8,46.63,75.23,74.47,80.31,72.87,33.62,42.16,77.28,23.21,88.64,84.63,36.25,48.99,100.83,58.18,39.86,53.13,82.26,66.43,41.85,36.36,83.71,92.36,74.48,96.08,32.07,100.88,92.32,43.5,74.84,93.69,83.76,69.22,109.14,53.2,106.84,86.33,25.47,36.51,52.52,66.43,96.58,37.65,17.92,37.36,68.81,39.22,63.22,66.17,79.54,93.91,25.84,49.36,36.74,91.92,28.24,59.16,26.82,74.91,32.64,42.71,40.28,21.79,106.75,96.27,93.88,26.96,20.41,97.72,66.74,81.81,114.44,74.08,97.42,49.25,99.77,27.7,40.27,97.6,58.5,37.24,38.89,100.5,59.84,48.35,92.63,48.38,29.08,54.74,63.95,41.81,80.49,88.48,53.54,113.85,27.68,84.19,29.53,60.44,52.63,99.95,87.6,97.41,80.45,108.96,77.76,79.12,62.28,76.21,30.52,25.89,59.3,42.44,108.76,71.93,76.38,100.52,80.31,55.5,110.39,82.7,36.41,45.92,57.46,65.12,53.1,81.92,76.03,22.37,59.81,105.72,87.66,79.34,47.04,95.2,23.76,28.47,26.24,90.61,46.91,74.59,74.42,73.63,87.37,88.71,100.85,81.97,100.45,62.52,65.05,31.27,31.79,52.67,107.65,50.74,79.15,23.72,99.85,47.43,108.59,56.81,27.06,116.69,52.04,37.62,47.15,50.08,65.79,92.19,95.18,25.9,71.37,79.26,57.75,56.51,80.41,40.37,85.19,78.34,90.14,55.12,25.92,84.8,69.78,94.99,48.07,86.77,52.06,84.01,73.7,46.42,62.38,72.33,27.5,52.24,56.76,74.29,26.66,49.17,83.45,77.54,83.86,27.85,105.49,68.99,53.66,81.73,29.76,38.64,23.28,68.54,61.54,33.36,75.33,58.46,84.55,89.05,42.63,82.52,37.43,51.24,78.23,54.87,46.05,86.13,57.27,89.57,47.38,39.56,80.1,31.13,46.07,33.3,64.54,25.57,55.1,85.62,91.08,113.76,87.72,44.19,61.84,66.35,68.88,47.34,21.93,49.27,51.15,45.57,64.58,23.03,78.31,57.96,72.74,74.49,106.64,88.32,82.19,26.09,71.9,50.72,28.72,41.92,30.7,64.23,54.14,84.02,36.21,63.55,93.32,33.04,97.47,108.04,25.39,57.97,107.16,55.64,34.44,56.66,27.46,86.29,85.6,100.24,42.41,28.1,42.24,33.4,66.82,49.57,99.04,55.71,92.16,83.78,92.38,33.98,35.4,111.47,69.1,74.08,51.48,65.37,91.59,57.04,107.19,74.02,98.39,93.91,96.83,60.16,62.19,85.52,39.49,105.15,64.51,88.2,37.56,51.47,113.33,78.86,52.41,59.49,70.73,48.41,80.63,108.49,74.39,43.68,97.54,84.59,101.87,79.77,56.53,73.83,57.5,68.8,53.12,82.58,30.19,30.5,52.71,51.24,30.71,17.88,92.23,27.89,44.55,84.16,27.47,70.04,106.64,27.73,44.35,48.12,38.67,86.67,88.29,90.91,51.81,49.74,32.45,101.85,68.24,106.76
34.49,60.52,45.53,41.65,33.46,46.43,78.83,60.4,95.79,26.12,24.37,24.11,62.8,34.7,98.92,84.05,71.33,87.13,108.41,64.03,68.24,99.35,38.72,41.29,77.04,36.73,104.42,27.15,66.01,89.3,75.42,29.62,55.81,79.65,112.18,40.02,77.54,51.15,69.62,94.49,65.26,90.54,37.79,37.5,65.51,32.41,80.98,56.95,38.4,67.8,77.99,46.65,41.23,61.87,78.36,59.7,35.97,42.17,100.4,82.69,84.79,86.32,26.91,104.26,65.99,37.96,86.38,80.63,83.89,77.84,80.48,68.33,100.73,72.73,26.63,34.98,47.95,68.93,82.3,44.34,20.05,46.67,78.15,37.58,64.62,48.48,70.91,87.74,29.33,39.37,35.76,95.16,20.56,78.38,26.93,89.59,32.2,31.83,37.37,28.78,96.42,109.16,76.98,21.59,22.96,80.93,82.36,82.39,118.31,69.29,84.2,49.79,76.25,28.54,34.93,123.76,54.3,40.48,41.27,95.14,61.35,47.89,61.75,45.56,34.3,43.33,50.25,35.03,82.3,107.76,59.9,97.19,30.61,93.69,32.28,44.77,71.13,81.27,100.85,84.27,74.06,115.11,59.08,58.25,67.96,60.88,29.05,28.7,64.36,58.36,90.84,77.1,92.95,90.32,92.09,62.19,100.41,65.6,51.34,43.27,75.29,71.23,54.33,84.96,82.42,22.49,52.24,120.98,93.92,68.83,36.49,114.53,18.6,31.52,32.84,94.74,47.92,74.05,54.28,70.14,89.86,105.81,99.53,86.67,107.7,56.31,68.6,38.17,43.57,50.03,100.2,65.26,68.37,24.49,92.9,70.97,129.66,53.96,27.34,93.78,68.1,52.81,50.75,39.33,65.09,102.08,87.77,30.57,56.09,82.02,49.54,44.66,67.76,48.51,82.69,86.29,91.51,61.07,29.33,99.5,78.04,112.32,52.49,103.03,50.11,76.53,55.69,49.21,68.14,88.75,23.2,76.01,45.96,59.96,29.44,47.17,90.12,86.72,62.44,41.91,81.75,61.84,65.23,66.73,25.04,54.64,30.97,56.73,59.19,22.3,66.8,64.5,80.91,82.9,54.58,103.29,46.84,67.13,89.14,46.19,44.54,94.24,79.85,78.51,51.12,36.38,79.61,36.39,38.31,30.94,71.11,20.28,54.39,97.95,75.92,115.08,107.59,47.96,53.12,51.72,91.34,43.42,20.35,36.56,73.62,43.12,78.4,25.11,58.27,67.55,110.08,81.52,100.04,83.91,76.39,26.72,56.07,42.62,26.21,43.68,22.53,56.21,50.7,104.58,28.52,64.07,80.61,30.93,73.03,119.09,23.6,60.87,106.55,66.03,23.51,65.4,31.12,81.34,95.55,92.89,46.69,24.85,37.91,32.78,62.38,66.01,99.81,55.47,122.13,82.16,63.23,39.06,50.27,92.34,49.61,58.46,59.24,60.18,93.83,67.92,114.92,96.77,88.68,119.1,116.17,65.29,53.42,90.13,36.79,108.1,65.67,79.87,39.41,54.44,107.04,75.38,46.05,44.13,83.72,62.73,87.14,94.47,52.56,54.23,82.24,81.06,121.83,65.8,61.05,77.84,63.14,85.67,55.05,94.93,25.78,28.6,53.88,52.77,32.28,24.47,99.77,28.24,41.95,72.27,42.25,67.91,87.67,24.74,35.62,43.44,42.53,75.24,107.23,101.81,51.96,34.99,39.34,102.66,72.05,107.35
32.57,42.07,43.39,38.67,26.9,42.32,77.82,64.45,113.75,22.73,25.57,19.03,62.58,28.63,87.05,103.25,56.77,82.65,78.49,64.13,63.61,103.34,28.55,35.71,68.56,46.05,79.89,25.58,73.2,75.73,89.59,32.57,68.58,70.64,91.34,52.32,75.33,49.75,83.41,83.63,58.72,83.26,38.19,40.96,49.5,19.98,87.46,74.67,33.65,57.98,90.96,42.78,49.19,57.92,70.67,64.02,35.13,33.04,92.7,92.45,100.8,96.04,25.38,90.77,84.82,41.85,61.28,85.63,70.68,58.88,85.42,56.65,89.7,65.97,28.98,30.69,42.74,88.09,71.34,38.23,19.97,48.93,70.26,39.12,67.06,51.31,76.2,105.36,29.58,39.86,34.04,78.44,28.11,67.69,31.84,73.08,31.7,42.09,42.4,18.94,107.85,78.72,67.41,19.87,27.07,106.78,76.41,61.81,109.29,76.49,84.77,39.57,66.64,21.43,34.81,86.56,58.21,35.3,32.87,91.27,39.68,30.8,70.9,42.09,37.97,37.7,55.78,29.33,90.76,85.42,58.17,106.87,24.71,62.79,33.95,41.11,48.9,80.06,97.5,95.74,81.09,90.85,82,49.21,50.57,59.36,27.53,33.1,49.58,40.73,93.35,71.75,83.16,87.06,90.55,61.77,98.43,75.86,39.59,48.29,64.69,77.29,50.07,81.18,83.16,27.05,48.8,91.02,88.8,78.11,32.84,93.96,20.86,30.2,33.36,70.98,47.78,96.81,60.76,87.35,83.59,79.43,106.34,105.88,88.05,41.59,68.15,29.57,42.95,41.01,91.41,53.79,98.32,24.31,98.17,60.65,112.54,50.69,19.48,110.56,56.53,44.32,52.71,52.41,45.76,96.67,70.7,25.2,57.25,85.17,46.65,46.88,87.41,48.2,61.04,98.02,81.73,59.79,32.7,89.22,69.14,76.5,49.76,100.43,50.42,89.27,62.72,41.1,54.97,83.96,21.99,71.63,59.6,48.85,29.68,61.8,99.93,99.76,76.43,35.65,97.56,54.52,52.89,70.48,28.86,42.56,22.79,72.66,64.1,29.51,51.38,56.5,70.64,69.74,45.62,79.6,42.7,75.69,77.77,41.41,55.13,107.77,78.07,109.11,58.27,27.1,64.13,30.49,46.09,31.56,54.71,31.11,67.49,75.03,77.25,75.36,83.93,53.55,55.73,74.76,76.53,45.91,26.32,40.02,58.11,47.68,73.45,20.73,77.05,75.86,105.57,80.5,85.81,78.19,77.43,28.5,67.07,47.3,20.31,31.8,32.33,54.97,44.85,95.46,26.88,58.16,74.9,30.38,99.95,80.72,26.92,73.12,92.63,45.35,22.75,62.44,32.9,65.04,76.99,81.67,47.64,19.75,41.57,28.99,58.32,65.09,110.38,48.75,87.64,102.74,66.19,36.28,35.17,76.7,58.82,76.23,48.12,48.81,80.79,69.49,102.93,67.75,102.8,93.83,88.48,63.84,77.74,101.84,33.61,111.73,52.67,61.17,45.61,73.79,77.27,73.02,56.11,38.94,72.12,61.45,80.78,98.22,51.9,37.07,90.85,78.97,105.16,72.13,79.81,54.41,61.53,66,71.23,86.38,28.41,30.98,60.95,50.01,33.8,22.32,74.13,27.22,46.84,89.83,31.65,65.79,93.84,21.87,46.18,61.09,46.82,106.95,112.46,75.44,60.45,41.91,42.39,82.54,59.76,91.19
38.35,47.69,58.86,53.42,29.09,42.35,73.89,61.41,86.03,23.86,34.77,17.09,56.07,39.05,75.38,104.99,53.08,77.8,82.22,78.23,75.39,103.28,41.74,39.77,85.15,49.45,103.24,24.1,77.86,83.02,63.74,24.82,70.75,62.11,111.88,35.57,84.31,59.13,92.91,64.56,67.41,79.54,34.71,41.33,76.04,30.79,90.88,60.93,38.72,49.28,84.39,59.24,47.01,46.22,85.71,62.75,34.11,31.22,68.19,88.98,93.73,107.04,33.59,104.92,79.64,38.82,71.53,121.55,65.86,70.75,93.5,52.06,103.49,69.48,22.32,38.49,65.89,75.58,74.72,31.57,23.45,36.86,55.7,41.56,61.7,59.56,72.03,90.47,24.32,39.69,31.98,75.6,19.02,62.58,33.1,66.12,34.25,33.86,46.47,23.12,90.92,76.17,71.32,24.72,27.97,86.29,63.91,66.02,112.75,88.25,88.08,51.94,69.41,28.47,46.41,98.69,65.02,38.27,30.46,111.83,42.64,39.1,58.11,44.57,35.99,53.03,39.84,38.68,88.27,101.6,44.2,84.82,26.8,65.51,34.37,47.06,55.46,74.9,100.43,73.47,83.02,90.55,74.88,63.97,53.43,76.64,26.19,30.68,61.5,55.38,98.85,65.31,90.22,99.46,97.68,61.59,111.45,69.71,33.72,56,71.92,81.57,63.09,83.64,84.03,20.76,51.17,104.03,98.97,59.9,40.66,102.42,22.64,32.07,25.56,78.76,45.49,99.24,58.97,106.1,69.53,82.36,81.6,82.28,72.43,52.92,50.11,31.21,35.89,46.94,98.75,48.67,93.75,29.11,99.56,59.72,128.99,56.24,19.2,121.21,49.99,41.3,40.28,51.26,68.27,90.76,66.15,25.9,59.64,79.07,57.21,46.85,70.79,53.3,58.7,77.44,70.7,71.36,24.01,86.73,51.37,104.58,37.56,85,50.06,66.85,49.7,46.06,68.89,84.72,22.94,70.06,52.08,56.88,28.85,54.23,84.39,75.63,87.75,40.17,84.72,62.74,60.93,88.09,24.29,47.47,22.55,66.72,59.17,22.67,64.79,59.41,80.79,91.83,53.35,93.33,39.36,66.39,64.5,55.14,49.23,91.75,71.92,96.26,53.48,38.16,64.62,27.96,37.22,24.95,51.91,29.65,53.38,63.96,87.19,112.43,105.05,57.1,58.41,65.48,68.1,43.78,27.68,35.2,52.27,37.78,89.4,21.14,62.94,70.4,105.35,74.26,78.87,98.78,76.21,26.08,57.17,38.6,22.25,44.7,23.07,51.16,46.89,87.07,27.57,53.28,69.43,32.01,69.76,89.36,18.61,57.48,91.39,64.3,24.2,54.19,25.5,66.34,92.78,80.42,38.07,23.26,32.72,33.16,73.31,53.98,105.8,56.62,91.8,93.85,89.77,27.68,35.04,88.35,66.4,64.87,72.36,45.5,113.99,67.58,103.39,100.32,105.59,121.52,73.42,51.19,59.96,84.35,35.51,111.53,58.81,61.68,38.38,74.84,85.3,80.89,54.55,54.64,82.26,55.17,100.37,73.29,76.8,42.68,91.22,75.53,115.74,59.36,79.51,60.11,60.65,70.32,68.65,105.28,20.89,32.32,49.65,62.05,42.36,18.96,93.19,32.09,39.65,81.86,39.09,71.17,100.15,31.11,36.54,49.21,47.36,95.14,107.47,82.12,41.71,39.24,44.39,114.13,68.05,96.07
43.95,56.23,55.67,52.98,32.62,53.41,75.71,70.66,128.62,23.52,27.95,20.2,53.48,38.57,98.99,98.04,69.97,91.84,107.53,75.78,57.94,97.26,35.81,48.32,59.79,44.42,85.01,24.14,73.96,97.26,90.66,29.54,65.82,60.86,85.53,50.84,68.06,58.63,89.9,103.07,69.35,89.35,33.98,41.92,76.5,21.79,115.76,76.61,38.79,47.61,112.22,60.88,49.94,54.4,87.09,68.25,37.03,29.7,94.47,79.15,81.5,95.66,31.42,95.88,83.08,45.87,80.68,90.94,68.94,75.43,85.98,64.69,98.09,75.08,24.61,38.99,65.9,87.74,82.6,30.86,17.34,51.58,57.01,34.59,45.89,49.86,82.69,94.08,25.07,40.82,38.89,77.03,26.07,65.41,34.08,74.61,25.82,34.27,41.55,24.07,125.48,102.32,97.03,22.42,29.67,109.96,61.37,71.67,96.69,99.37,101.95,46.91,85.17,22.26,40.12,110.41,71.26,39.93,29.31,110.49,42.42,46.78,81.02,47.24,30.52,37.73,40.21,37.53,106.25,112.95,59.79,110.98,22.36,73.9,29.82,58.51,52.86,108.56,111.83,106.13,69.18,101.06,69.72,61.6,76.01,79.62,25.81,31.78,54.6,39.57,97.48,68.38,106.15,92.61,72.03,58.01,110.99,71.34,51.39,57.56,64.14,69.72,45.08,67.42,91.76,26.45,60.84,100.78,118.73,72.91,38.84,117.7,27.52,31.15,29.51,72.68,48.12,99.14,66.73,109.23,99.53,110.74,121.27,104.64,106.02,52.77,56.37,31.35,32.79,42.21,112.79,52.06,73.8,24.41,77.61,51.83,105.38,77.58,26.04,102.73,55.44,41.67,61.13,51.37,66.08,97.85,84.12,29.53,56.99,85.38,47.45,45.38,74.17,47.69,66.79,101.3,72.42,57.84,28.29,86.69,64.95,112.37,42.04,86.92,47.42,83.13,54.45,52.25,75.75,109.06,27.06,70.64,52.39,67.45,29.85,68.07,128.58,95.4,73.6,34.92,114.55,55.13,51.69,84.48,34.16,49.11,30.39,69.4,82.13,22.78,76.42,63.93,84.42,80.73,56.59,70.91,46.65,74.94,74.93,58.03,51.24,100.7,63.22,104.96,54.59,33.37,75.1,27.69,42.14,31.61,51.03,28.28,66.36,85.96,75.52,101.91,91.76,38.74,51.47,54.65,84.04,34.79,18.48,43.82,65.67,42.94,83.61,18.78,71.91,75.66,103.37,82.89,89.57,84.43,75.93,23.43,72.33,58.11,22.46,42.56,26.23,42.32,54.34,75.46,27.39,78.17,102.45,32.2,72.88,119.9,22.2,77.69,107.66,49.76,31.26,72.62,37.89,74.97,70.4,75.72,49.36,27.23,41.53,35.82,63.35,76.34,83.59,65.1,96.15,93.79,76.06,37.04,49.35,74.33,54.22,66.13,61.27,50.06,105.11,63.61,96.63,78.69,90.1,106.27,89.56,54.68,67.32,132.87,33.99,101.64,44.57,70.38,42.43,66.73,81.72,77.16,45.35,56.63,71.91,67.62,83,95.19,69.65,53.84,84.89,73.96,103.66,65.94,68.37,53.47,70.1,57.66,74.15,91.27,23.62,25.35,51.24,64.85,29.81,24.34,90.38,31.27,49.44,79.23,37.05,62.73,86.12,26.13,34.73,59.82,40.59,106.86,102.08,101.37,61.22,33.66,32.06,115.4,77.3,84.29
44.82,55,45.45,45.81,39.3,41.33,85.38,68.17,103.95,27.96,29.71,26.01,52.46,36.86,110.43,83.09,55.09,68.84,111.04,58.91,57.38,106.04,36.61,54.84,67.62,50.49,102.9,24.19,83.65,78.72,97.79,36.41,70.88,92.53,92.54,39.73,76.17,53.52,95.97,89.01,63.01,69.05,42.44,43.85,59.07,25.46,97.91,78.81,32.7,64.93,80.7,61.37,45.46,59.57,93.65,59.01,33.61,34.15,101.67,71.63,98.27,105.17,27.13,96.86,56.93,45.5,73.35,111.29,85.01,64.39,92.05,61,84.81,81.48,27.33,31.17,45.54,96.91,88.49,34.87,27.82,39.71,63.62,32,56.56,48.42,79.36,112.58,32.97,44.84,30.52,87.56,23.53,59.86,36.53,73.9,31.97,33.35,48.94,23.61,108.25,98.77,111.41,28.69,25.62,95.41,81.64,72.02,97.78,82,74.33,41.03,93.11,27.17,52.31,90.38,68.19,38.25,30.78,89.3,61.03,37.95,68.73,53.84,33.19,43.3,43.46,34.26,110.54,109.65,49.53,86.55,21.05,62.95,36.04,58.36,56.13,99.17,72.33,104.2,74.08,106.59,80.71,70.87,74.6,76.61,33.41,33.83,53.6,54.65,111.62,69.82,99.34,80.09,87.47,68.3,93.38,79.78,44.14,53.52,69.12,58.63,49.71,77.01,84.15,28.58,55.65,105.16,113.09,59.43,33.12,124.92,23.31,39.51,32.34,85.28,56.9,108.21,70.78,100.5,92.84,82.62,117.8,104.34,77.74,52.74,55.09,31.67,40.81,39.4,82.13,62.74,96.17,30.78,104.14,48.87,100.6,58.7,22.72,117.94,69.73,38.42,44.09,54.05,63.32,112.4,93.39,28.17,51.71,77.86,56.82,46.68,91.5,51.74,83.58,95.21,77.72,51.26,35.71,84.01,67.14,108.53,49.55,85.47,41.05,77.26,47.61,58.12,79.98,97.84,22.17,69.78,59.46,57.37,34,68.82,107.26,123.29,78.21,30.51,100.52,69.67,60.02,83.5,26.5,39.98,23.77,74.35,81.41,25.74,55.78,60.39,69.72,80.56,45.22,116.69,40.47,63.11,87.33,62.29,63.6,114.56,58.59,103.02,46.02,34.26,81.85,34.24,44.28,31.52,66.97,29.43,53.07,88.54,67.64,124.63,85.06,53.66,60.54,62.72,82.25,48.89,21.19,50.93,61.73,43.57,78.12,23.24,69.95,73.13,76.15,70.08,81.68,76.28,72.01,25.48,47.87,43.17,22.65,40.27,33.45,50.3,51.06,79.28,28.4,59.53,97.29,32.62,79.01,85.58,21.78,69.32,83.99,57.8,27.1,76.82,33.77,80.96,81.19,82.43,41.06,23.28,29.7,41.01,58.75,59.89,82.81,56.97,99.67,97.83,70.92,32.35,41.89,111.46,72.01,71.08,70.14,64.27,103.86,81.02,100.03,94.18,85.18,91.69,90.68,53.72,83.66,105.64,34.33,98.58,61.05,73.1,44.28,63.4,86.07,65.08,53.28,40.28,90.89,49.23,89.72,92.39,67.9,50.14,98.3,79.29,124.6,63.39,68.26,72.14,63.34,72.33,66.18,109.71,26.71,27.99,59.97,57.67,42.02,24.09,109.18,25.49,40.62,80.53,32.98,63.74,78.57,28.41,38.97,49.76,45.12,91.76,125.39,92.74,62.91,40.61,36.21,125.76,70.77,115.44
42.93,55.52,46.38,47.2,29.7,37.18,70.17,57.06,103.4,21.72,27.8,20.1,46.83,34.69,82.95,112.61,52.98,63.32,89.02,56.37,51.59,100.58,29.14,47.45,85.96,48.48,84.66,29.39,83.94,77.89,79.44,31.76,67.18,61.13,80.95,43.44,64.54,54.02,79.29,78.21,65.26,79.03,39.03,36.14,63.05,22.65,101.68,75.62,37.92,61.85,97.02,54.31,40.7,42.64,75.77,69.19,29.15,37.93,99.33,80.83,98.42,86.87,27.7,94.4,74.42,37.77,54.88,111.46,59.02,57.38,79.43,49.37,94.35,60.46,21.7,41.77,43.05,70.27,78.54,41.48,20.09,42.45,72.54,39.45,59.43,59.93,81.19,88.32,31,39.78,34.92,84.54,27.82,67.46,26.7,74.86,26.69,34.82,33.04,25.45,107.96,103.55,92.49,21.71,24.73,102.75,73.11,69.36,87.02,73.32,80.59,33.65,60.54,20.05,42.16,91.91,46.76,32.08,27.05,94.48,59.48,32.25,80.59,43.02,39.59,50.92,60.7,36.54,80.27,97.68,49.16,90.27,20.91,69.95,33.98,44.87,53.01,81.15,86.1,83.31,75.89,80.18,66.26,74.01,58.47,65.77,28.04,29.64,49.87,47.83,90.23,72.41,90.6,86.5,76.48,61.69,104.5,67.31,42.93,43.79,49.37,60.12,56.7,81.01,75.72,20.99,52.08,93.82,79.32,57.12,38.65,99.04,22.57,29.58,26.33,88.82,56.64,97.64,63.89,100.11,98.86,87.87,108.51,104.34,80.97,42.47,67.36,32.43,33.1,40.23,100.93,69.5,99.45,26.69,86.87,60.8,94.59,48.94,24.22,99.5,63.01,51.27,42.4,41.61,43.69,86.17,81.15,21.07,66,69.03,48.2,50.79,60.4,51.68,79.44,72.36,86.55,63.23,31.3,85.89,52.95,96.5,48.37,85.29,38.25,64.21,57.64,54.36,66.41,97.63,26.2,62.42,48.09,54.95,35.13,47.81,110.79,85.57,72.7,29.45,116.48,74.87,55.13,72.59,25.71,47.84,25.13,67.77,67.75,23.99,55.94,65.62,78.66,88.74,53.6,95.78,46.73,55.34,84.75,49.8,44.54,84.74,70.88,108.07,50.67,33.78,80.75,26.41,40.35,35.05,62.63,28.19,69.62,79.66,70.95,96.7,94.9,51.68,63.11,70.54,83.99,42.05,22.78,36.53,53.85,39.5,84.47,19.27,67.87,71.46,76.4,80.59,86.45,98.33,74.51,25.29,70.43,50.5,23.21,31.69,33.17,57.81,47.42,85.71,29.44,61.86,73.07,36.8,86.25,89.12,25.34,69.75,97.81,48.06,33.19,66.16,27.03,71.78,79.13,92.48,48.9,19.26,39.52,36.02,56.25,48.07,103.47,62.65,89.69,120.4,61.62,28.52,43.9,87.73,50.8,61.12,57.95,49.96,97.85,66.53,109.45,79.65,103.82,120.28,86.25,53.82,72.15,88.73,31.28,98.37,55.77,60.46,38.46,76.33,90.18,66.43,58.53,42.28,71.56,64.72,68.23,95.1,64.66,45.2,87.57,83.32,87.99,67.94,67.94,54.9,64.78,78.68,62.63,108.4,21.05,22.84,62.95,68.17,35.37,21.38,68.16,33.43,34.73,84.18,38.66,61.32,84.15,26.43,34.25,59.71,41.77,92.07,94.11,105.98,51.99,43.57,41.73,118.88,59.69,112.65
41.79,61.7,66.44,44.89,26.09,58.51,76.81,62.41,102.16,31.78,23.23,23.13,55.29,42.95,87.37,102.21,65.06,88.46,101.11,70.94,61.25,92.42,39.01,45.3,91.59,58.99,75.08,25.93,62.14,79.8,80.78,29.69,65.14,81.97,129.79,35.38,82.3,46.33,85.2,81.07,70.38,66.65,31.05,37.04,78.62,25.23,112.98,85.84,36.14,54.34,124.05,54.33,37.6,51.7,72.34,74.66,35.96,51.4,113.6,70.94,84.09,98.98,33.18,83.4,61.75,38.39,70.78,96.37,81.65,87.2,112.34,60.35,79.95,78.05,27.84,39.67,48.97,67.77,75.82,36.5,20.01,54.64,56.74,38.49,52.67,55.28,93.63,109.49,36.17,44.22,32.57,77.33,24.85,73.28,33.17,85.68,29.7,38.69,32.73,23.02,106.85,77.6,109.59,31.39,30.48,96.36,59.5,77.03,114.84,87.48,92.69,57.59,73.45,22.75,40.37,127.47,67.2,31.34,44.55,99.39,54.86,35.01,83.71,48.91,36.4,43.28,53.85,45.68,74.6,89.7,60.2,107.67,27.68,72.31,39.27,46.34,60.93,72.82,93.61,115.29,97.02,91.41,63.77,78.55,76.82,75.09,31.4,35.21,67.27,45.04,87.53,49.79,96.5,89.74,106.96,66.67,120.42,77.05,41.62,38.7,63.61,89.25,55.15,80.37,87.22,31.31,54.96,116.55,95.99,65.24,42.15,86.89,23.16,29.56,32.6,79.42,50.66,101.61,79.33,93.98,68.89,93.06,116.12,98.3,85.77,63.69,68.81,43.21,35.61,45.23,86.14,64.67,81.14,32.04,73.08,67.23,123.2,76.05,27.9,88.75,58.65,39.45,61.06,56.2,62.13,109.93,76.35,23.54,78.86,82.82,54.85,59.36,78.51,43.99,63.92,95.46,70.79,61.88,28.89,80.04,77.64,104.88,47.93,87.65,55.1,90.99,48.62,63.13,52.51,84.93,25.5,68.83,57.09,65.37,40.19,57.33,136.13,83.04,74.74,29.83,119.59,70.01,65.83,81.03,29.47,40.8,33.89,67.31,79.73,29.15,58.92,66.75,88.3,84.57,39.08,84.62,38.26,69.67,98.19,59.43,58.85,100.67,79.65,111.47,46.18,28.85,64.72,34.63,49.51,32.31,54.61,28.99,62.93,97.61,64.44,127.83,78.93,45.08,55.67,59.36,92.6,50.18,25.18,50.07,67.71,45.38,63.9,25.23,67.68,90.05,107.09,67.71,109.91,109.74,84.89,25.41,77.27,48.53,23.66,42.31,32.01,51.54,61.23,84.87,33.93,71.92,79.93,35.76,76.81,85.38,24.96,85.59,114.04,56.75,30.31,74.73,23.35,76.36,82.61,104.86,43.19,23.27,43.13,33.65,47.54,56.61,95.2,44.64,130.47,120.49,94.87,33.65,44.32,120.11,51.31,76.22,49.18,44.55,97.72,90.72,108.24,78.37,99.57,107.39,83.89,67.94,54.76,89.77,34.7,110.55,67.62,93.74,39.67,69.82,85.2,53.48,57.91,50.18,57.09,50.31,96.74,106.95,67.11,57.86,97.25,77.37,109.62,76.91,71.75,73.41,70.32,80.4,50.07,93.71,22.12,28.82,56.37,57.01,35.32,25.16,103.55,39.74,52.37,109.56,45.87,69.96,100.24,30.08,45.19,60.94,48.75,82.76,115.97,83.56,46.5,36.56,35.49,85.2,53.7,99.53
31.02,58.18,55.86,49.83,31.79,36.55,59.67,63.07,113.27,28.54,32.97,24.46,45.35,28.34,84.61,103.95,72.79,90.5,83.34,75.36,59.78,100.91,33.42,49.98,83.27,45.93,87.4,26.2,79.45,78.38,71.79,29.87,66.36,59.52,83.99,49.91,69.04,55.73,97.78,96.5,80.49,71.82,40,45.21,64.14,25.95,98.01,57.79,31.36,47.85,82.81,56.56,45.06,43.4,86.22,55.37,36.18,40.21,74.59,76.72,96.69,80.41,28.74,102.27,60.91,39.72,80.92,85.37,56.49,63.92,99.11,55.43,108.04,57.82,19.47,40.3,57.67,73.33,104.44,40.64,20.03,42.29,71.94,31.47,45.68,60.24,75.9,84.58,31.72,31.15,31.3,78.18,26.79,74.74,36.11,83.58,31.08,42.33,43.23,22.74,107.51,90.63,91.01,24.62,26.08,98.41,59.38,64.17,96.28,76,98.66,34.57,88.52,24.5,36.74,102.93,52.02,40.8,39.29,113,54.96,46.76,67.57,44.65,31.55,41.96,45.03,41.52,108.34,81.44,40.67,104.18,22.87,87,30.69,53.23,64.92,101.95,85.85,100.84,80.73,83.32,64.91,55.36,58.25,74.77,29.74,29.58,47.05,50.9,71.08,57.96,102.16,84.93,93.24,48.6,89.91,66.01,39.05,47.69,51.69,74.53,60.92,69,68.77,21.24,50.76,82.33,77.81,76.82,36.55,84.29,18.39,33.59,25.67,81.91,45,94.68,60.57,100.31,98.24,79.98,94.41,83.68,93.6,54.57,66.94,36.16,42.19,39.79,118.58,65.26,67.86,34.22,85,46.44,110.79,58.46,26.24,109.41,50.44,40.46,58.52,41.07,51.26,119.64,76.07,31.02,71.39,66.61,42.59,41.6,69.88,47.54,69.18,79.39,76.22,68.39,36.01,67.91,46.63,111.85,38.27,115.19,48.75,91.23,51.96,52.32,51.15,96.11,24.93,71.7,63.33,61.52,24.78,53.73,98.42,111.63,81.15,38.87,84.63,71.59,65.9,59.79,24.37,44.01,32.8,54.64,75.6,25.39,52.08,62.63,65.88,74.11,39.65,74.75,43.9,64.46,66.94,54.63,47.46,75.59,60.83,88.24,56.78,31.64,65.82,34.83,48.17,33.65,54.8,24.58,53.56,65.04,62.96,90.23,79.24,45.83,47.29,62.06,80.16,39.48,25.54,36.46,64.75,32.7,66.09,21.77,67.75,79.76,102.23,76.88,92.54,81.56,69.39,22.43,70.44,44.03,27.79,41.06,28.83,49.83,49.13,77.95,27,77.17,101.24,30.79,96.78,83.41,25.73,64.52,95.22,54.44,33.61,63.24,28.24,56.6,89.89,81.02,52.65,25.61,37.81,40.75,68.11,60.89,104.9,54.53,98.62,111.53,63.21,29.86,36.54,78.35,46.23,60.65,70.46,58.17,97.77,61.4,86.61,81.18,82.96,121.92,97.76,60.19,55.74,91.33,29.38,81.13,57.83,77.47,40.74,60.82,84.04,63.24,53.65,48.94,58.49,50.41,86.21,85.41,59.79,39.05,65.87,79.41,115.08,61.33,64.63,78.86,49.23,69.69,67.39,114.39,23.78,29.27,58.06,58.59,42.48,27.07,79.04,26.7,42.13,78.12,37.83,57.16,106.76,21.83,42.5,50.82,38.83,77.7,92.01,112.24,42.8,43.92,32.18,88.57,65.17,124.53
35.25,49.1,50.29,50.46,32.73,51,60.97,60.56,86.87,21.09,26.03,21.52,47.3,37.32,75.76,90.38,59.49,81.92,79.05,69.96,65.02,92.39,31.98,41.01,67.95,45.44,95.91,22.82,65.73,91.03,76.3,26.68,65.11,77.87,76.14,42.3,79.49,43.85,66.58,79.91,71.63,79.42,31.39,36.23,74.47,24.48,112.63,67.93,35.46,58.89,81.93,53.01,46.58,54.18,66.1,64.08,40.32,41.56,78.92,65.65,106.55,104.3,28.79,100.79,71.73,40.58,64.88,107.45,60.33,57.44,85.37,44.33,87.11,62.1,27.09,29.24,58.44,82.37,91.39,40.34,17.22,40.65,74.51,41.05,61.98,66.16,81.07,83.04,25.17,35.19,33.25,94.89,21.09,80.22,34.1,70.88,26.14,42.33,40.05,21.31,115.59,106.58,92.71,25.28,27.68,82.68,71.34,68.76,100.75,76.19,105.73,34.72,81.53,24.03,38.95,99.21,52.85,31.61,37.44,86.14,56.21,38.13,63.89,39.25,41.35,44.99,40.85,41.45,99.38,108.45,60.37,96.36,22.76,64.27,32.65,55.06,55.23,88.99,89.55,86.14,83.88,77.82,67.7,65.93,61.55,75.15,26.69,28.53,47.37,44.38,94.84,68.26,71.78,98.85,84.65,63.2,84.82,73.51,36.13,48.33,53.76,71.46,49.52,78.07,69.33,20.37,52.56,96.12,99.29,65.25,33.16,76.1,22.76,34.35,28.01,93.94,58.86,80.82,64.48,73.55,79.5,105.25,107.81,102.44,92.53,49.14,56.79,33.47,38.03,36.88,108.55,56.38,77.16,23.42,79.69,48.04,94.21,71.77,25.95,119.91,60.13,38.92,43.49,56.8,46.08,104.63,66.34,26.7,63.27,77.18,57.75,41.17,74.98,36.65,68.62,87.96,88.6,58.76,32.56,81.17,62.22,90.87,36.82,104.82,51.79,72.74,58.54,56.93,67.93,94.92,22.12,69.31,62.12,65.27,26.65,53.51,96,95.53,86.22,40.66,93.73,63.34,57.45,65.2,25.16,45.04,25.69,52.54,58.39,26.98,72.89,53.86,73.68,80.59,38.65,74.44,50.76,74.28,86.73,57.73,42.5,105.89,51.08,84.5,46.1,31.79,74.07,33.1,36.21,23.78,61.62,26.98,71.43,76.42,71.72,88.87,103.68,40.17,49.95,66.29,61.34,35.7,19.1,35.15,65.74,38.42,81.78,19.71,74.17,64.96,101.05,58.4,100.09,109.86,60.1,28.1,63.33,43.6,22.99,35.44,29.16,47.39,56.71,103.12,31.36,71.27,82.2,34.14,71.85,94.96,23.11,56.09,102.36,45.89,33.25,54.5,27.7,57.99,77.37,91.85,41.72,26.39,38.33,32.14,54.97,53.57,88.7,47.47,92.03,122.07,73.48,35.46,45.65,90.98,57.47,67.06,72.95,43.82,108.72,57.86,85.72,97.23,96.67,106.65,93.77,64.98,63.95,92.66,36.22,96.64,43.42,82.75,42.02,67.29,88.13,56.4,53.99,53.2,64.8,63.47,90.43,103.11,69.18,40.32,84.14,76.15,95.46,59.41,66.8,63.84,61.45,60.89,52.51,106.73,19.93,24.12,52.85,52.05,29.33,18.59,92.32,29.01,47.75,93.8,36.55,74.41,87.88,23.68,32.42,46.44,48.07,75.27,93.26,75.96,52.32,41.72,28.11,88.71,53.61,114.87
45.09,49.2,54.57,47.96,30.95,43.51,72.02,64.09,113.22,30.5,32.13,21.26,63.85,29.48,100.19,111.5,47.44,73.99,105.27,63.77,62.21,71.98,35.63,39.31,68.81,42.24,105.17,26.46,62.73,89.09,64.56,27.23,78.55,74.08,115.79,40.76,65.51,60.41,92.99,66.32,78.11,73.51,42.91,36.59,57.61,21.38,78.79,71.94,33.32,52.79,86,43.73,48.2,47.81,85.08,53.52,35.85,30.9,79.5,66.73,104.12,78.08,26.87,105.6,75.09,44.1,67.5,112.05,77.3,53.8,118.45,56.32,78.18,61.55,24.91,31.5,55.81,64.97,99.21,39.78,21.73,40.05,71.19,42.84,48.74,64.59,82.23,85.81,35.04,38.89,38.25,92.76,23.63,77.07,28.95,78.25,31.86,39.35,32.22,23.87,110.15,94.66,89.97,19.83,22.6,85.92,74.86,62.91,90.78,74.18,77.29,42.47,83.27,24.51,39.2,115.92,52.97,35.3,28.12,100.61,61.19,38.31,68.32,36.55,35.34,35.36,54.58,39.24,78.95,108.13,56.18,95.97,22.2,69.01,33.87,51.63,52.22,103,85.79,91.09,70.52,98.87,70.71,62.52,66.15,72.65,26.64,28.67,48.99,55.96,90.14,51.65,92.83,89.79,91.58,57.98,85.33,86.73,41.84,41.53,74.55,68.31,58.91,83.39,80.64,19.91,54.41,108.3,76.31,76.4,44.35,95.75,21.52,29.25,27.97,66.67,52.16,82.63,57.03,86.99,78.34,85.81,112.97,85.47,66.3,45.64,63.58,37.02,36.92,46.65,93.4,64.47,78.39,27.14,94.14,57.23,89.39,63.72,19.42,109.29,61.14,43,53.26,48.97,55.17,87.29,73.92,27.33,68.6,73.84,52.54,46.27,81.03,45.62,56.56,72.2,71.62,70.6,35.6,98.72,63.79,97.09,37.26,84.95,42.93,89.46,51.27,44.08,64.56,87.87,22.86,54.45,54.67,52.45,34.27,48.15,104,106.88,69.28,38.39,113.58,73.13,46.97,77.09,23.48,50.75,28.66,77.48,54.85,27.07,73.3,66.75,81.86,94.28,36.26,102.84,42.21,75.8,70.95,58.79,57.58,95.56,66.74,105.89,55.71,34.3,54.85,29.08,53.32,23.23,47.89,27.39,68.16,65.37,61.99,88.89,87.33,53.89,64.65,56,70.13,37.77,17.98,48.58,61.68,40.51,62.39,20.35,68.57,67.93,105.5,68.04,76.07,75.32,82.79,24.75,63.25,39.79,28.34,33.7,32.79,44.72,58.99,109.9,30.32,66.64,79.99,36.73,87.08,94.63,21.68,56.86,78.15,49.75,25.49,53.05,25.17,59.39,73.42,78.11,45.5,21.42,36.24,33,55.83,59.7,121.04,62.16,125.65,95.17,79.17,32.2,36.67,111.02,49.63,66.28,51.95,60.35,91.99,62.33,96.78,69.54,102.97,102.23,90.66,51.51,72.86,108.85,36.35,79.28,49.32,68.49,33.71,77.04,87.42,57.56,57.15,54.67,80.35,59.01,76.24,99.62,61.91,49.92,90.61,78.25,96.56,58.35,70.98,62.25,58.06,79.17,58.67,103.71,23.59,24.83,56.91,49.48,33.96,20.3,85.28,23.61,41.69,99.07,31.8,64.62,79.29,30.45,45.06,59.39,34.65,86.89,116.26,79.59,47.31,42.56,34.77,116.48,67.47,117.78
31.75,56.71,45.59,39.93,26.21,42.45,83.75,74.69,90.77,32.11,27.66,22.97,65,40.46,78.82,95.21,64.6,94.19,109.77,66.19,58.79,114.48,38.43,44.45,59.88,36.51,100.78,27.96,94.25,73.94,85.52,31.66,66.24,75.73,84.53,39.44,60.45,56.4,71.94,69.94,69.16,80.84,40.48,52.47,57.92,25.41,79.57,66.25,30.25,52.54,88.26,46.09,37.42,46.13,79.8,61.29,41.27,40.96,83.6,102.13,98.96,98.8,23.72,88.75,78.14,47.64,73.83,123.7,89.49,62.19,92.55,60.25,105.6,73.6,23.11,29.77,56.01,60.19,107.12,42.11,22.91,42.19,61.82,47.03,58.87,59.56,86.78,80.31,27.47,37.03,38.18,97.82,21.55,64.3,28.98,77.22,33.36,31.22,49.91,27.49,92.2,81.1,77.28,30.52,26.76,88.81,69.98,73.08,102.08,96.14,81.46,52.13,79.41,20.96,37.45,118.58,69.54,38.34,37.89,91.23,43.22,37.8,81.91,54.28,37.89,40.66,60.32,33.47,87.63,87.81,56.72,125.96,20.86,71.32,31.39,53.44,50.33,80.66,78.68,96.44,78.07,100.99,80.38,57.28,73.37,65.65,23.51,30.72,47.33,51.92,93.36,62.29,84.96,91.76,91.57,63.97,111.9,78.31,41.68,57.17,50.98,75.76,60.48,79.73,81.48,20.56,49.83,103.13,96.75,56.74,43.96,114.32,22.79,36.19,36.78,100.1,63.95,76.54,79.22,95.16,101.61,108.82,124.96,81.91,79.4,54.36,53.88,33.11,34.85,57.4,103.15,57.62,86.28,34.58,92.95,52.68,106.54,74.38,25.98,85.15,71.57,44.44,52.61,45.6,47.67,109.48,81.15,26.83,69.26,84.08,62.09,40.83,61.34,41.61,74.9,104.84,61.05,60.5,35.01,83.35,70.34,86.08,52.33,91.41,51.89,87.46,54.96,44.4,66.41,68.45,19.9,60.48,45.56,61.38,33.63,51.1,103.37,98.87,87.94,33.72,83.79,76.75,66.66,64.3,32.14,40.75,32.39,56.51,59.59,29.51,74.41,66.21,79.44,67.15,40.3,92.19,54.23,75.8,87.46,60.67,61.98,118.67,66.67,96.99,58.3,27.9,81.61,30.29,39.25,32.78,51.9,28.72,74.19,90.83,100.03,122.02,89.76,59.03,59.75,69.27,79.72,45.62,22.98,46.72,49.9,38.41,91.38,26.05,69.86,66.97,111.48,72.2,78.51,74.75,77.05,25.66,77.92,43.66,28.17,36.63,29.92,48.95,49.04,75.02,25.89,82.07,73.89,30.53,85.24,105.87,19.5,60.3,80.79,47.42,37.03,54.64,36.6,65.73,85.04,89.12,50.78,21.46,36.85,41.82,74.38,46.98,93.75,60.82,105.87,111.3,69.3,33.98,34.63,90.44,51.61,72.19,65.84,56.82,115.86,67.62,100.05,93.02,117.78,99.47,101.31,67.23,71.24,121.05,36.94,105.04,60.61,73.01,50.23,54.84,81.91,67.79,48.18,51.19,77.82,63.59,90.09,113.14,79.09,54.73,92.37,70.41,123.11,68.77,62.7,63.37,59.81,67.22,53.02,107.63,22.42,24.36,51.33,73.96,43.11,21.53,98.6,29.88,42.53,100.69,36.06,73.83,110.2,30.74,33.14,59.58,51.97,109.75,108.78,92.02,52.21,45.18,37.17,125.97,55.47,102.28
39.86,46.39,45.71,42.19,32.95,38.9,77.41,60.73,103.64,27.07,26.19,23.78,53.4,35.89,77.31,114.35,58.29,88.38,82.82,75.73,54.99,90.56,29.62,39.46,81.4,36.85,79.14,28.72,83.23,72.25,87.79,38.59,78.01,79.02,112.75,43.31,87.12,59.48,81.98,73.35,65.46,71.98,42.12,34.27,73.01,23.62,97.77,84.35,30.43,49.32,93.6,57.31,39.12,56.89,67.76,58.13,33.96,45.79,84.17,83.17,88.2,111.63,30.93,96.6,72.3,43.13,68.98,96.15,73.13,69.61,110.6,48.49,107.98,64.72,25.58,38.24,62,63.6,90.24,36.74,24.71,43.98,58.79,32.09,61.88,50.52,90.95,82.14,27.28,38.24,39.01,81.02,20.29,61.88,26.45,75.54,24.98,41.28,33.29,25.37,105.72,109.5,102.39,29.33,24.69,105.32,80.97,79.81,104.66,88.25,104.13,33.18,73.43,23.73,34.21,106.72,53.62,30.28,38.05,93.19,60.78,35.78,79.17,52.09,29.37,39.89,47.13,44.15,91.71,82.22,46.8,88.44,21.21,80.04,30.11,53.18,53.11,97.42,91.2,75.55,78.02,100.47,68.15,64.82,71.64,53.98,22.59,28.64,48.23,50.37,80.89,58.85,78.78,88.31,106.87,62.19,93.34,59.55,45.53,48.37,61.67,75.79,50.42,64.57,62.06,21.03,40.39,108.69,114.74,84.35,48.44,117.51,25.54,33.38,33.96,66.21,54.65,80.56,57.19,104.86,100.29,80.82,93.59,76.14,72.6,50.42,49.84,34.61,35.69,46.03,112.03,56.05,96.83,25.62,88.84,61.27,108.05,59.13,27.67,80.6,74.62,43.74,53.51,37.57,52.27,121.47,89.37,23.64,63.65,92.57,47.62,54.36,90.74,37.97,69.6,83.16,88.18,71.23,34.65,67.26,54.98,106.15,46.37,114.65,39.88,86.43,54.69,44.83,50.34,80.91,28.59,64.64,56.92,63.17,29.49,54.22,106.49,94.64,70.05,29.41,98.85,61.43,69.99,77.41,28.6,44.79,35.03,71.44,85.78,30.76,57.14,56.06,70.02,61.84,54.18,98.67,46.17,63.29,87.28,50.78,57.03,93.69,52.73,94.86,44.47,34.81,68.81,24.61,50.85,34.82,66.56,23.55,52.44,93.23,86.87,107.42,82.36,55.19,48.99,75.75,89.22,41.68,23.52,37.98,46.58,38.11,76.32,20.19,60.04,68.46,85.6,62.89,93.45,94.15,68.35,33.61,55.09,51.88,23.38,40.58,25.4,57.63,63.48,74.64,35,68.95,81.62,24.94,84.87,80.68,17.63,78.39,98.8,50.29,28.82,70.5,24.55,88.06,70.49,97.72,47.6,21.61,41.29,37.96,57.36,69.56,124.25,65.04,124.28,116.51,62.67,39.61,43.71,108.96,52.37,60.7,63.61,50.57,117.92,71.15,84.55,80.32,88.95,119.05,91.28,71.38,58.2,87.27,36.95,76.8,57.13,75.46,39.12,61.54,81.26,77.93,54.52,46.21,56.56,47.46,79.24,83.63,64.08,52.75,100.98,65.53,92.41,59.62,79.93,64.55,63.85,72.17,62.13,92.83,19.22,29.8,63.53,49.4,36.67,25.58,76.74,25.34,37.28,87.25,39.33,52.27,90.3,30.7,43.84,43.32,37.47,97.04,96.97,97.64,56.94,43.51,33.57,83.61,66.71,120.39
34.97,58.39,51.05,52.54,27.94,45.53,75.04,81.18,110.81,23.46,23.81,22.21,67,31.52,107.88,109.56,61.33,67.69,98.08,56.7,65.43,83.36,41.59,39.33,82.57,46.08,87.87,27.81,70.6,73.02,76.64,30.54,64.01,87.82,114.49,45.57,79.56,64.95,77.75,95.88,73.42,83.54,36.96,40.32,70.03,27.01,86.33,81.18,30.24,63.53,110.66,60.83,43.9,52.1,80.15,75.68,35.51,31.03,80.62,89.4,77.36,93.53,30.08,85.08,73.29,37.08,65.53,110.59,82.99,64.24,98.47,46.3,91.07,77.9,23.64,37.9,62.64,64.4,73.99,40.54,29.07,38.28,74.95,37.09,52.87,52.91,67.96,81.54,31.44,35.53,35.64,87.53,19.28,82.32,35.57,72.83,29.17,50.46,49.09,22.82,123.5,85.77,105.39,27.68,31.71,110.08,73.8,91.88,93.54,84.44,91.75,50.34,79.74,30.28,36.24,126.62,50.8,39.63,27.84,87.87,50.86,42.4,74.55,50.19,29.5,41.71,46.89,37.71,78.09,107.43,52.14,125.76,22.19,89.92,40.36,60.48,63.68,89.56,77.73,92.86,75.24,117.26,55.4,62.18,66.55,56.67,33.82,25.54,61.43,54.09,97.06,66.54,96.64,95.71,96.74,67.04,110.31,79.2,37.32,60.48,51.29,67.54,56.69,73.99,87.26,21.84,49.64,93.98,89.47,62.35,48.15,116.71,20.85,32.71,28.3,91.49,48,97.72,56.62,112.05,106.01,86.68,117.69,101.79,92.8,42.18,47.18,38.98,36.2,34.73,106.35,52.76,87.82,32.62,99.44,62.39,90.95,71.49,22.78,80.77,54.48,52.31,47.63,42.77,47.12,109.94,72.27,33.11,55.57,83.53,45.93,49.32,65.64,45.45,84.4,79.25,62.12,55.65,33.48,79.33,50.91,112.43,51.78,85.06,39.01,62.41,76.51,47.95,60.57,85.67,22.66,67.6,63.77,53.49,39.95,67.64,126.52,76.8,68.64,31.84,100.99,70.46,48.89,80.82,27.16,47.85,34,58.24,76.9,33.05,65.89,63.33,85.16,80.16,39.68,106.49,36.25,81.75,64.8,58.67,56.64,101,68.78,103.5,55.2,37.93,86.14,33.03,39.4,29.56,66.46,20.79,57.47,82.67,74.5,91.66,85.76,38.28,57.36,57.02,88.56,35.63,27.01,50.13,61.58,34.51,94.43,27.92,64.26,82.03,121.33,68.24,97.79,79.07,80.51,24.2,75.57,42.06,29.62,34.73,31.11,65.22,56.19,94.51,27.66,79.06,103.29,33.16,84.71,83.7,24.71,81.89,97.79,50.44,33.41,57.94,28.08,85.78,84.27,97.25,47.42,26.13,38.16,31.5,51.71,58.54,109.17,47.98,132.68,87.21,80.51,40.16,36.78,89.88,66.18,64.34,74.79,45.69,106.42,67.73,99.89,90.31,114.37,106.53,86.34,68.12,75.8,105.97,37.4,109,49.78,79.99,41.1,66.75,91.27,78.86,51.67,55.26,79.49,59.75,80.87,107.8,60.02,43.18,72.88,75.96,95.06,75.88,84.46,65.44,58.58,53.85,67.5,100.76,21.78,32.39,43.71,68.06,29.91,21.62,86.67,27.17,43.91,102.99,36.01,73.43,95.09,30.12,48.27,59.04,37.17,108.91,129.94,94.14,56.55,37.74,39.48,111.44,47.68,99.25
